Time,Ax,Ay,Az,Gx,Gy,Gz,Mx,My,Mz,Temp,Humidity,Pressure,Mic,Light
2022-11-02 15:10:55,1034,85,-25,0,0,0,10,-28,75,0,0,0,0,0
2022-11-02 15:10:55,1015,115,-23,2,10,3,10,-24,81,0,0,0,0,0
2022-11-02 15:10:55,1061,56,9,-2,5,8,11,-26,82,0,0,0,0,0
2022-11-02 15:10:56,1016,128,-27,1,-10,0,8,-25,75,0,0,0,0,0
2022-11-02 15:10:56,1030,128,-21,10,-15,5,9,-23,82,0,0,0,0,0
2022-11-02 15:10:56,997,-21,-7,4,-8,10,9,-24,79,0,0,0,0,0
2022-11-02 15:10:56,948,-23,29,0,5,8,9,-23,78,0,0,0,0,0
2022-11-02 15:10:56,1052,-122,-29,2,0,9,10,-24,80,0,0,0,0,0
2022-11-02 15:10:56,1050,46,-148,12,-11,1,8,-23,84,0,0,0,0,0
2022-11-02 15:10:56,909,-66,-124,4,-4,3,8,-24,84,31.8,29.34,1018.05,1,0
2022-11-02 15:10:56,1054,17,-113,-12,9,6,8,-23,76,31.8,29.34,1018.05,1,0
2022-11-02 15:10:56,995,-29,-130,13,4,0,8,-24,80,31.8,29.34,1018.05,1,0
2022-11-02 15:10:56,991,13,-138,13,0,-2,6,-23,83,31.8,29.34,1018.05,1,0
2022-11-02 15:10:57,960,1,-193,17,6,-1,7,-22,84,31.8,29.34,1018.05,1,0
2022-11-02 15:10:57,993,-25,-230,13,9,-2,9,-23,85,31.8,29.34,1018.05,1,0
2022-11-02 15:10:57,1260,-163,105,-8,2,13,7,-19,85,31.8,29.34,1018.05,1,0
2022-11-02 15:10:57,1243,-101,-1,0,9,0,7,-19,85,31.8,29.34,1018.05,1,0
2022-11-02 15:10:57,899,11,-23,-11,5,-14,6,-21,84,31.8,29.34,1018.05,1,0
2022-11-02 15:10:57,931,173,15,-2,11,-12,8,-19,87,31.8,29.34,1018.05,1,0
2022-11-02 15:10:57,1005,146,-23,-5,17,-1,8,-17,89,31.8,29.34,1018.15,1,0
2022-11-02 15:10:57,1005,140,-9,-19,3,7,9,-20,86,31.8,29.34,1018.15,1,0
2022-11-02 15:10:57,1231,183,-48,-20,-4,-2,7,-20,87,31.8,29.34,1018.15,1,0
2022-11-02 15:10:57,1124,-255,249,-2,-9,-13,8,-22,87,31.8,29.34,1018.15,1,0
2022-11-02 15:10:58,1102,140,-25,-22,-3,11,10,-20,85,31.8,29.34,1018.15,1,0
2022-11-02 15:10:58,868,-52,-72,23,-17,9,12,-22,84,31.8,29.34,1018.15,1,0
2022-11-02 15:10:58,856,-70,-154,32,-7,7,14,-21,87,31.8,29.34,1018.15,1,0
2022-11-02 15:10:58,1040,81,-122,17,8,-6,12,-19,85,31.8,29.34,1018.15,1,0
2022-11-02 15:10:58,1567,-146,-19,24,1,21,12,-22,91,31.8,29.34,1018.15,1,0
2022-11-02 15:10:58,718,228,31,11,0,-20,13,-17,95,31.8,29.34,1018.15,1,0
2022-11-02 15:10:58,1007,-177,-19,-24,0,-8,15,-19,97,31.8,29.34,1018.16,1,0
2022-11-02 15:10:58,794,150,39,-43,7,-5,18,-16,88,31.8,29.34,1018.16,1,0
2022-11-02 15:10:58,966,158,5,-34,16,7,19,-16,90,31.8,29.34,1018.16,1,0
2022-11-02 15:10:58,1095,175,-25,-22,0,5,19,-18,89,31.8,29.34,1018.16,1,0
2022-11-02 15:10:59,1477,189,244,-22,-1,-15,18,-24,88,31.8,29.34,1018.16,1,0
2022-11-02 15:10:59,929,-25,-95,0,-23,-2,22,-24,89,31.8,29.34,1018.16,1,0
2022-11-02 15:10:59,907,-21,-64,55,-21,3,24,-22,87,31.8,29.34,1018.16,1,0
2022-11-02 15:10:59,841,-35,-136,33,-5,15,28,-21,86,31.8,29.34,1018.16,1,0
2022-11-02 15:10:59,907,-13,-195,30,7,-7,31,-17,82,31.8,29.34,1018.16,1,0
2022-11-02 15:10:59,1335,11,-222,11,-21,4,32,-15,90,31.8,29.34,1018.16,1,0
2022-11-02 15:10:59,845,-218,70,-28,-6,0,35,-12,94,31.8,29.35,1018.13,1,0
2022-11-02 15:10:59,1079,-134,7,-5,14,1,35,-13,81,31.8,29.35,1018.13,1,0
2022-11-02 15:10:59,854,163,9,-34,11,-15,36,-10,84,31.8,29.35,1018.13,1,0
2022-11-02 15:10:59,938,167,3,-15,21,7,35,-11,86,31.8,29.35,1018.13,1,0
2022-11-02 15:11:00,1024,97,-62,-3,-11,8,36,-12,79,31.8,29.35,1018.13,1,0
2022-11-02 15:11:00,1551,152,228,-3,12,-12,37,-11,79,31.8,29.35,1018.13,1,0
2022-11-02 15:11:00,607,-136,-80,27,-26,1,38,-10,76,31.8,29.35,1018.13,1,0
2022-11-02 15:11:00,1126,-19,-23,38,-19,0,35,-8,78,31.8,29.35,1018.13,1,0
2022-11-02 15:11:00,839,-27,-101,42,-12,4,36,-5,75,31.8,29.35,1018.13,1,0
2022-11-02 15:11:00,919,19,-126,33,5,-13,35,-4,72,31.8,29.35,1018.13,1,0
2022-11-02 15:11:00,1380,183,-218,12,-14,-4,37,-2,75,31.9,29.35,1018.05,1,0
2022-11-02 15:11:00,860,-160,76,-7,5,5,37,0,71,31.9,29.35,1018.05,1,0
2022-11-02 15:11:00,1038,-197,42,-31,7,-2,33,-2,69,31.9,29.35,1018.05,1,0
2022-11-02 15:11:00,970,42,163,-91,10,-1,34,-1,71,31.9,29.35,1018.05,1,0
2022-11-02 15:11:00,1007,-70,138,-113,13,10,32,-2,69,31.9,29.35,1018.05,1,0
2022-11-02 15:11:01,958,1,185,-143,-2,16,34,-7,63,31.9,29.35,1018.05,1,0
2022-11-02 15:11:01,1145,64,39,-167,6,25,32,-10,59,31.9,29.35,1018.05,1,0
2022-11-02 15:11:01,1095,-245,5,-120,13,12,31,-15,52,31.9,29.35,1018.05,1,0
2022-11-02 15:11:01,936,-105,-21,-148,5,12,30,-15,53,31.9,29.35,1018.05,1,0
2022-11-02 15:11:01,1036,-113,-23,-151,11,2,30,-18,44,31.9,29.35,1018.05,1,0
2022-11-02 15:11:01,948,-64,-126,-112,9,-1,29,-14,39,31.9,29.37,1018.11,1,0
2022-11-02 15:11:01,925,-148,-210,-89,7,-10,30,-9,34,31.9,29.37,1018.11,1,0
2022-11-02 15:11:01,1247,-109,-119,-93,12,4,31,-6,28,31.9,29.37,1018.11,1,0
2022-11-02 15:11:01,1069,-78,-9,-65,17,-12,33,-3,24,31.9,29.37,1018.11,1,0
2022-11-02 15:11:01,929,15,171,-103,10,-14,33,1,22,31.9,29.37,1018.11,1,0
2022-11-02 15:11:02,946,107,117,-97,8,-13,34,3,26,31.9,29.37,1018.11,1,0
2022-11-02 15:11:02,993,154,-5,-109,0,-4,34,7,24,31.9,29.37,1018.11,1,0
2022-11-02 15:11:02,958,265,-91,-70,3,6,36,14,19,31.9,29.37,1018.11,1,0
2022-11-02 15:11:02,1075,39,-64,-34,0,0,36,17,20,31.9,29.37,1018.11,1,0
2022-11-02 15:11:02,1444,175,95,-43,1,-13,36,20,19,31.9,29.37,1018.11,1,0
2022-11-02 15:11:02,704,-218,-103,-52,-15,10,37,25,21,31.8,29.35,1018.05,1,0
2022-11-02 15:11:02,960,-64,-21,5,0,8,37,26,21,31.8,29.35,1018.05,1,0
2022-11-02 15:11:02,960,64,-111,0,-12,10,36,27,17,31.8,29.35,1018.05,1,0
2022-11-02 15:11:02,987,44,-177,34,-7,1,39,25,20,31.8,29.35,1018.05,1,0
2022-11-02 15:11:02,999,46,-290,22,-24,3,37,25,17,31.8,29.35,1018.05,1,0
2022-11-02 15:11:03,946,-189,35,27,-10,-3,37,22,9,31.8,29.35,1018.05,1,0
2022-11-02 15:11:03,962,144,171,67,18,0,33,20,7,31.8,29.35,1018.05,1,0
2022-11-02 15:11:03,972,142,89,49,16,-18,35,20,6,31.8,29.35,1018.05,1,0
2022-11-02 15:11:03,913,189,-1,50,3,-7,36,16,5,31.8,29.35,1018.05,1,0
2022-11-02 15:11:03,1177,44,15,14,-4,18,34,11,5,31.8,29.35,1018.05,1,0
2022-11-02 15:11:03,1561,140,181,30,5,-14,36,7,4,31.9,29.37,1018.05,1,0
2022-11-02 15:11:03,655,-78,-89,50,-24,1,35,7,1,31.9,29.37,1018.05,1,0
2022-11-02 15:11:03,1095,33,13,100,-17,-2,33,5,4,31.9,29.37,1018.05,1,0
2022-11-02 15:11:03,917,9,-46,79,-13,11,32,2,0,31.9,29.37,1018.05,1,0
2022-11-02 15:11:03,833,-48,-89,70,2,-7,28,-7,1,31.9,29.37,1018.05,1,0
2022-11-02 15:11:04,1075,56,-204,34,-20,-5,28,-13,0,31.9,29.37,1018.05,1,0
2022-11-02 15:11:04,1444,-218,113,45,4,6,25,-16,3,31.9,29.37,1018.05,1,0
2022-11-02 15:11:04,880,99,113,36,11,-2,24,-23,0,31.9,29.37,1018.05,1,0
2022-11-02 15:11:04,933,99,-15,3,10,-20,23,-24,7,31.9,29.37,1018.05,1,0
2022-11-02 15:11:04,933,95,-42,9,14,-4,25,-22,11,31.9,29.37,1018.05,1,0
2022-11-02 15:11:04,962,105,-25,-14,0,7,26,-26,14,31.9,29.37,1018.12,1,0
2022-11-02 15:11:04,1229,179,-95,-4,-1,-11,28,-28,13,31.9,29.37,1018.12,1,0
2022-11-02 15:11:04,1126,-146,259,6,-8,-10,29,-23,4,31.9,29.37,1018.12,1,0
2022-11-02 15:11:04,962,37,-78,0,-8,13,30,-24,7,31.9,29.37,1018.12,1,0
2022-11-02 15:11:04,886,-78,-115,27,-12,-1,25,-24,6,31.9,29.37,1018.12,1,0
2022-11-02 15:11:05,854,5,-193,13,-7,4,25,-25,9,31.9,29.37,1018.12,1,0
2022-11-02 15:11:05,1059,-89,-113,14,3,-5,25,-26,7,31.9,29.37,1018.12,1,0
2022-11-02 15:11:05,1450,-66,-42,5,-6,3,25,-28,8,31.9,29.37,1018.12,1,0
2022-11-02 15:11:05,696,99,64,-12,7,-10,25,-27,10,31.9,29.37,1018.12,1,0
2022-11-02 15:11:05,948,-50,-23,-48,13,-21,26,-26,15,31.9,29.37,1018.12,1,0
2022-11-02 15:11:05,933,121,-23,-55,14,3,25,-25,11,31.8,29.4,1018.12,1,0
2022-11-02 15:11:05,981,150,-78,-39,-2,18,29,-18,6,31.8,29.4,1018.12,1,0
2022-11-02 15:11:05,1126,-52,-122,-32,0,-9,29,-17,10,31.8,29.4,1018.12,1,0
2022-11-02 15:11:05,1022,-101,201,-59,16,-7,29,-14,7,31.8,29.4,1018.12,1,0
2022-11-02 15:11:05,1136,25,-21,-70,-1,30,30,-8,3,31.8,29.4,1018.12,1,0
2022-11-02 15:11:06,884,-111,-107,-30,-5,1,28,-4,1,31.8,29.4,1018.12,1,0
2022-11-02 15:11:06,913,-23,-177,-56,-6,4,28,-2,3,31.8,29.4,1018.12,1,0
2022-11-02 15:11:06,1079,-21,-138,-37,0,-3,28,1,-3,31.8,29.4,1018.12,1,0
2022-11-02 15:11:06,1426,-245,-46,-46,-11,15,27,3,2,31.8,29.4,1018.12,1,0
2022-11-02 15:11:06,685,91,148,-61,10,-12,24,11,2,31.8,29.4,1018.12,1,0
2022-11-02 15:11:06,1067,-206,87,-102,6,-1,25,17,-3,31.9,29.4,1018.13,1,0
2022-11-02 15:11:06,935,58,140,-123,5,2,26,26,-2,31.9,29.4,1018.13,1,0
2022-11-02 15:11:06,1018,54,64,-139,0,10,26,32,3,31.9,29.4,1018.13,1,0
2022-11-02 15:11:06,987,5,76,-110,0,6,28,42,5,31.9,29.4,1018.13,1,0
2022-11-02 15:11:06,1163,-70,150,-161,15,15,31,51,19,31.9,29.4,1018.13,1,0
2022-11-02 15:11:07,1046,-134,136,-144,20,12,30,60,28,31.9,29.4,1018.13,1,0
2022-11-02 15:11:07,995,-37,-29,-141,4,4,31,64,39,31.9,29.4,1018.13,1,0
2022-11-02 15:11:07,976,-132,-21,-138,3,-6,31,63,53,31.9,29.4,1018.13,1,0
2022-11-02 15:11:07,968,-40,-140,-112,2,-9,33,58,66,31.9,29.4,1018.13,1,0
2022-11-02 15:11:07,1028,-144,-158,-76,3,-8,33,54,71,31.9,29.4,1018.13,1,0
2022-11-02 15:11:07,1009,1,-142,-66,-21,-6,30,48,84,31.9,29.42,1018.17,1,0
2022-11-02 15:11:07,823,48,251,-67,25,-7,29,49,84,31.9,29.42,1018.17,1,0
2022-11-02 15:11:07,1054,185,128,-104,12,-11,29,43,93,31.9,29.42,1018.17,1,0
2022-11-02 15:11:07,974,162,-21,-90,2,-1,26,36,92,31.9,29.42,1018.17,1,0
2022-11-02 15:11:07,954,214,-46,-58,-4,0,28,27,101,31.9,29.42,1018.17,1,0
2022-11-02 15:11:08,1059,150,-54,-27,-4,4,27,23,101,31.9,29.42,1018.17,1,0
2022-11-02 15:11:08,1344,206,-85,-16,-9,-11,28,17,102,31.9,29.42,1018.17,1,0
2022-11-02 15:11:08,759,-162,156,-5,-17,2,29,16,100,31.9,29.42,1018.17,1,0
2022-11-02 15:11:08,1235,74,46,0,2,10,29,17,100,31.9,29.42,1018.17,1,0
2022-11-02 15:11:08,872,17,-81,51,-13,3,31,14,104,31.9,29.42,1018.17,1,0
2022-11-02 15:11:08,897,5,-179,46,-6,-2,34,18,99,31.9,29.42,1018.17,1,0
2022-11-02 15:11:08,1098,-93,-91,33,1,0,35,24,96,31.9,29.42,1018.13,1,0
2022-11-02 15:11:08,1403,-46,-35,23,-2,13,32,26,93,31.9,29.42,1018.13,1,0
2022-11-02 15:11:08,755,259,74,36,5,-12,39,31,99,31.9,29.42,1018.13,1,0
2022-11-02 15:11:08,1016,-144,-9,2,10,-18,36,33,96,31.9,29.42,1018.13,1,0
2022-11-02 15:11:09,839,173,15,5,12,-8,40,36,96,31.9,29.42,1018.13,1,0
2022-11-02 15:11:09,972,195,-15,11,7,8,36,37,97,31.9,29.42,1018.13,1,0
2022-11-02 15:11:09,1077,179,-23,0,-2,1,35,40,96,31.9,29.42,1018.13,1,0
2022-11-02 15:11:09,1434,74,171,-1,0,-12,36,38,94,31.9,29.42,1018.13,1,0
2022-11-02 15:11:09,706,-167,-99,14,-18,-1,34,37,93,31.9,29.42,1018.13,1,0
2022-11-02 15:11:09,1063,46,-21,52,-7,2,35,39,92,31.9,29.42,1018.13,1,0
2022-11-02 15:11:09,909,-40,-103,35,-10,8,37,39,90,31.9,29.24,1018.1,1,0
2022-11-02 15:11:09,870,33,-191,22,4,-2,38,39,81,31.9,29.24,1018.1,1,0
2022-11-02 15:11:09,1198,-1,-261,-1,-5,0,41,39,80,31.9,29.24,1018.1,1,0
2022-11-02 15:11:09,1212,-306,-15,6,-1,6,40,41,86,31.9,29.24,1018.1,1,0
2022-11-02 15:11:10,897,9,138,-11,14,-4,41,39,79,31.9,29.24,1018.1,1,0
2022-11-02 15:11:10,960,54,-1,-62,12,-19,42,40,79,31.9,29.24,1018.1,1,0
2022-11-02 15:11:10,948,156,-62,-45,17,4,42,37,84,31.9,29.24,1018.1,1,0
2022-11-02 15:11:10,972,117,-35,-34,2,15,41,36,90,31.9,29.24,1018.1,1,0
2022-11-02 15:11:10,1335,-121,-89,-29,3,-17,41,29,88,31.9,29.24,1018.1,1,0
2022-11-02 15:11:10,802,-195,113,-42,6,-10,41,28,86,31.9,29.24,1018.1,1,0
2022-11-02 15:11:10,1272,89,1,-41,-7,14,39,29,89,31.9,29.12,1018.08,1,0
2022-11-02 15:11:10,847,-70,-115,-12,-12,12,36,20,81,31.9,29.12,1018.08,1,0
2022-11-02 15:11:10,845,19,-218,-10,-4,2,42,22,87,31.9,29.12,1018.08,1,0
2022-11-02 15:11:10,1237,-132,-210,-13,-3,1,41,19,83,31.9,29.12,1018.08,1,0
2022-11-02 15:11:11,1126,-318,81,-30,4,7,40,17,84,31.9,29.12,1018.08,1,0
2022-11-02 15:11:11,1013,78,52,-37,9,-3,40,13,79,31.9,29.12,1018.08,1,0
2022-11-02 15:11:11,936,46,27,-64,8,-14,39,14,78,31.9,29.12,1018.08,1,0
2022-11-02 15:11:11,946,146,-83,-40,13,2,37,12,78,31.9,29.12,1018.08,1,0
2022-11-02 15:11:11,1007,76,-23,-38,-1,9,34,9,81,31.9,29.12,1018.08,1,0
2022-11-02 15:11:11,1360,-148,-62,-48,-11,-4,36,7,77,31.9,29.12,1018.08,1,0
2022-11-02 15:11:11,792,-253,-25,-41,2,-11,37,2,75,31.9,29.44,1018.06,1,0
2022-11-02 15:11:11,1112,66,-25,-42,-6,16,35,4,81,31.9,29.44,1018.06,1,0
2022-11-02 15:11:11,866,-40,-128,-26,-9,5,36,0,71,31.9,29.44,1018.06,1,0
2022-11-02 15:11:11,927,42,-212,-26,-7,-4,35,-2,70,31.9,29.44,1018.06,1,0
2022-11-02 15:11:12,1534,-189,19,-27,1,18,34,0,70,31.9,29.44,1018.06,1,0
2022-11-02 15:11:12,677,224,19,-30,8,-11,33,-3,68,31.9,29.44,1018.06,1,0
2022-11-02 15:11:12,1013,-210,89,-100,4,-5,33,-1,68,31.9,29.44,1018.06,1,0
2022-11-02 15:11:12,913,31,140,-110,8,5,31,-5,64,31.9,29.44,1018.06,1,0
2022-11-02 15:11:12,1030,-1,122,-138,-10,14,32,-6,57,31.9,29.44,1018.06,1,0
2022-11-02 15:11:12,946,62,52,-133,-2,12,29,-8,58,31.9,29.44,1018.06,1,0
2022-11-02 15:11:12,1028,-134,11,-112,31,16,31,-10,47,31.9,29.44,1018.08,1,0
2022-11-02 15:11:12,1071,-93,-21,-109,15,15,28,-11,47,31.9,29.44,1018.08,1,0
2022-11-02 15:11:12,960,-160,-25,-136,5,2,30,-13,42,31.9,29.44,1018.08,1,0
2022-11-02 15:11:12,979,-148,-101,-134,9,0,27,-11,35,31.9,29.44,1018.08,1,0
2022-11-02 15:11:13,1052,-117,-169,-110,9,0,30,-9,35,31.9,29.44,1018.08,1,0
2022-11-02 15:11:13,1134,-160,-105,-81,5,7,28,-6,28,31.9,29.44,1018.08,1,0
2022-11-02 15:11:13,1098,23,-21,-71,5,0,29,-1,26,31.9,29.44,1018.08,1,0
2022-11-02 15:11:13,929,-68,261,-91,26,-20,29,2,29,31.9,29.44,1018.08,1,0
2022-11-02 15:11:13,983,236,40,-77,8,-21,34,3,25,31.9,29.44,1018.08,1,0
2022-11-02 15:11:13,1032,78,0,-64,13,-1,32,9,23,31.9,29.44,1018.08,1,0
2022-11-02 15:11:13,972,150,-101,-54,0,-6,32,15,25,31.9,29.44,1018.13,1,0
2022-11-02 15:11:13,1036,144,9,-43,-3,-1,34,15,25,31.9,29.44,1018.13,1,0
2022-11-02 15:11:13,1389,-29,-25,-40,-12,-13,34,16,23,31.9,29.44,1018.13,1,0
2022-11-02 15:11:13,663,-228,19,-45,-5,-6,35,21,24,31.9,29.44,1018.13,1,0
2022-11-02 15:11:14,1231,99,11,-49,-1,13,35,23,19,31.9,29.44,1018.13,1,0
2022-11-02 15:11:14,888,-19,-113,-18,-15,8,34,25,23,31.9,29.44,1018.13,1,0
2022-11-02 15:11:14,878,44,-212,9,-11,2,35,24,25,31.9,29.44,1018.13,1,0
2022-11-02 15:11:14,1161,-181,-224,9,-4,6,36,24,17,31.9,29.44,1018.13,1,0
2022-11-02 15:11:14,1001,-284,-11,-4,-5,1,35,25,18,31.9,29.44,1018.13,1,0
2022-11-02 15:11:14,1003,199,230,16,22,-3,34,25,13,31.9,29.44,1018.13,1,0
2022-11-02 15:11:14,989,113,-19,-31,12,-14,33,24,11,31.9,29.46,1018.06,1,0
2022-11-02 15:11:14,933,97,-74,-6,13,-3,35,28,18,31.9,29.46,1018.06,1,0
2022-11-02 15:11:14,991,40,-15,-15,6,7,34,28,16,31.9,29.46,1018.06,1,0
2022-11-02 15:11:14,1231,179,-58,-16,0,-17,36,27,13,31.9,29.46,1018.06,1,0
2022-11-02 15:11:15,1028,5,267,-3,3,-11,35,33,14,31.9,29.46,1018.06,1,0
2022-11-02 15:11:15,1040,33,-136,-23,-12,15,34,35,13,31.9,29.46,1018.06,1,0
2022-11-02 15:11:15,935,-58,-97,11,-11,1,32,36,12,31.9,29.46,1018.06,1,0
2022-11-02 15:11:15,854,7,-193,1,-3,6,31,39,11,31.9,29.46,1018.06,1,0
2022-11-02 15:11:15,1098,-158,-124,12,-4,2,29,34,11,31.9,29.46,1018.06,1,0
2022-11-02 15:11:15,1380,62,-40,10,-15,6,26,36,12,31.9,29.46,1018.06,1,0
2022-11-02 15:11:15,622,148,54,-5,-3,-5,25,38,7,31.9,29.47,1018.09,1,0
2022-11-02 15:11:15,1093,-175,-25,-11,9,-9,22,39,7,31.9,29.47,1018.09,1,0
2022-11-02 15:11:15,854,265,-33,-19,12,-2,22,39,5,31.9,29.47,1018.09,1,0
2022-11-02 15:11:15,987,101,-21,-10,18,10,19,43,10,31.9,29.47,1018.09,1,0
2022-11-02 15:11:16,1038,117,-21,-18,-2,-2,20,41,14,31.9,29.47,1018.09,1,0
2022-11-02 15:11:16,1403,124,214,-10,4,-12,18,44,10,31.9,29.47,1018.09,1,0
2022-11-02 15:11:16,747,-152,-93,-3,-14,2,18,45,11,31.9,29.47,1018.09,1,0
2022-11-02 15:11:16,1106,11,-21,17,-10,4,16,47,10,31.9,29.47,1018.09,1,0
2022-11-02 15:11:16,821,-44,-169,23,-13,5,14,45,11,31.9,29.47,1018.09,1,0
2022-11-02 15:11:16,938,46,-165,25,0,-10,13,44,9,31.9,29.47,1018.09,1,0
2022-11-02 15:11:16,1104,44,-277,2,-21,0,12,41,9,31.9,29.47,1018.08,1,0
2022-11-02 15:11:16,1015,-259,117,15,-15,12,13,42,6,31.9,29.47,1018.08,1,0
2022-11-02 15:11:16,1018,40,46,17,16,0,10,39,10,31.9,29.47,1018.08,1,0
2022-11-02 15:11:16,950,195,27,-30,15,-16,10,40,12,31.9,29.47,1018.08,1,0
2022-11-02 15:11:17,993,208,-42,3,14,4,11,39,9,31.9,29.47,1018.08,1,0
2022-11-02 15:11:17,987,13,-52,-3,3,22,12,41,7,31.9,29.47,1018.08,1,0
2022-11-02 15:11:17,1325,80,-40,4,11,-12,13,40,14,31.9,29.47,1018.08,1,0
2022-11-02 15:11:17,798,-154,117,18,-10,-2,13,37,14,31.9,29.47,1018.08,1,0
2022-11-02 15:11:17,1231,122,17,54,4,4,11,37,17,31.9,29.47,1018.08,1,0
2022-11-02 15:11:17,907,-3,-9,89,-11,-2,13,36,15,31.9,29.47,1018.08,1,0
2022-11-02 15:11:17,950,5,-35,92,5,-2,11,33,7,31.9,29.51,1018.13,1,0
2022-11-02 15:11:17,1054,-27,-62,91,-10,-8,9,24,5,31.9,29.51,1018.13,1,0
2022-11-02 15:11:17,1087,-15,177,111,15,2,7,17,2,31.9,29.51,1018.13,1,0
2022-11-02 15:11:17,868,72,121,93,3,10,8,13,1,31.9,29.51,1018.13,1,0
2022-11-02 15:11:18,1018,232,134,115,6,0,7,2,3,31.9,29.51,1018.13,1,0
2022-11-02 15:11:18,1007,257,154,109,0,3,7,-2,9,31.9,29.51,1018.13,1,0
2022-11-02 15:11:18,991,228,124,142,-7,8,9,-11,12,31.9,29.51,1018.13,1,0
2022-11-02 15:11:18,981,130,177,124,-2,6,7,-19,16,31.9,29.51,1018.13,1,0
2022-11-02 15:11:18,977,76,187,94,3,0,7,-28,20,31.9,29.51,1018.13,1,0
2022-11-02 15:11:18,1098,-25,29,34,-5,-12,7,-33,35,31.9,29.51,1018.13,1,0
2022-11-02 15:11:18,1112,-122,50,57,-2,12,7,-33,40,31.9,29.51,1018.08,1,0
2022-11-02 15:11:18,1007,-109,-48,66,-18,21,9,-34,44,31.9,29.51,1018.08,1,0
2022-11-02 15:11:18,923,-87,-83,69,-13,10,7,-36,46,31.9,29.51,1018.08,1,0
2022-11-02 15:11:18,960,15,-146,51,-9,3,6,-37,53,31.9,29.51,1018.08,1,0
2022-11-02 15:11:19,1032,-52,-101,53,-9,-5,5,-39,59,31.9,29.51,1018.08,1,0
2022-11-02 15:11:19,1272,40,-44,52,-11,0,5,-35,62,31.9,29.51,1018.08,1,0
2022-11-02 15:11:19,710,15,-25,29,-3,-17,7,-34,70,31.9,29.51,1018.08,1,0
2022-11-02 15:11:19,1128,-70,39,39,3,-8,8,-31,71,31.9,29.51,1018.08,1,0
2022-11-02 15:11:19,927,78,54,25,8,-14,9,-31,70,31.9,29.51,1018.08,1,0
2022-11-02 15:11:19,970,144,21,10,6,-6,10,-32,78,31.9,29.51,1018.08,1,0
2022-11-02 15:11:19,1036,91,-39,-15,14,14,11,-28,81,31.9,29.51,1018.15,1,0
2022-11-02 15:11:19,1596,40,31,-13,16,-15,12,-30,77,31.9,29.51,1018.15,1,0
2022-11-02 15:11:19,618,-214,44,4,-16,0,12,-30,82,31.9,29.51,1018.15,1,0
2022-11-02 15:11:19,1208,-89,56,-9,-5,3,10,-32,78,31.9,29.51,1018.15,1,0
2022-11-02 15:11:20,892,7,-103,-9,-17,6,12,-31,81,31.9,29.51,1018.15,1,0
2022-11-02 15:11:20,876,-21,-226,4,-4,-1,15,-32,83,31.9,29.51,1018.15,1,0
2022-11-02 15:11:20,1116,-117,-156,14,-4,-11,17,-31,78,31.9,29.51,1018.15,1,0
2022-11-02 15:11:20,1376,-277,40,-21,-3,9,18,-35,79,31.9,29.51,1018.15,1,0
2022-11-02 15:11:20,856,119,173,-30,6,-4,21,-30,78,31.9,29.51,1018.15,1,0
2022-11-02 15:11:20,989,-85,17,-84,8,-16,22,-31,73,31.9,29.51,1018.15,1,0
2022-11-02 15:11:20,950,111,-15,-82,14,0,25,-35,73,31.9,29.53,1018.12,1,0
2022-11-02 15:11:20,950,222,-83,-58,1,11,27,-36,68,31.9,29.53,1018.12,1,0
2022-11-02 15:11:20,1063,70,-60,-22,12,-7,25,-38,56,31.9,29.53,1018.12,1,0
2022-11-02 15:11:20,1481,93,216,-59,9,-13,28,-42,59,31.9,29.53,1018.12,1,0
2022-11-02 15:11:21,673,-70,-78,-54,-18,11,33,-37,55,31.9,29.53,1018.12,1,0
2022-11-02 15:11:21,1009,-19,-52,-16,-11,0,33,-37,48,31.9,29.53,1018.12,1,0
2022-11-02 15:11:21,851,17,-169,-37,-14,10,31,-38,45,31.9,29.53,1018.12,1,0
2022-11-02 15:11:21,1052,19,-224,-11,-5,-3,30,-38,38,31.9,29.53,1018.12,1,0
2022-11-02 15:11:21,1397,46,-187,-23,-14,5,33,-37,36,31.9,29.53,1018.12,1,0
2022-11-02 15:11:21,737,-13,60,-24,3,-13,32,-36,37,31.9,29.53,1018.12,1,0
2022-11-02 15:11:21,1114,-167,48,-82,13,1,31,-35,34,31.9,29.55,1018.15,1,0
2022-11-02 15:11:21,858,165,-3,-88,3,-5,32,-36,30,31.9,29.55,1018.15,1,0
2022-11-02 15:11:21,942,257,-83,-56,1,6,33,-31,28,31.9,29.55,1018.15,1,0
2022-11-02 15:11:21,1050,97,-44,-21,5,8,33,-28,16,31.9,29.55,1018.15,1,0
2022-11-02 15:11:22,1245,13,-107,-42,-9,-8,34,-26,17,31.9,29.55,1018.15,1,0
2022-11-02 15:11:22,829,-296,39,-35,-7,-7,33,-27,18,31.9,29.55,1018.15,1,0
2022-11-02 15:11:22,1194,146,-39,-3,-15,9,35,-23,13,31.9,29.55,1018.15,1,0
2022-11-02 15:11:22,862,-52,-91,17,-10,9,34,-20,13,31.9,29.55,1018.15,1,0
2022-11-02 15:11:22,849,23,-210,10,-5,-5,35,-24,11,31.9,29.55,1018.15,1,0
2022-11-02 15:11:22,1138,39,-201,-1,0,-1,32,-25,11,31.9,29.55,1018.15,1,0
2022-11-02 15:11:22,1102,-175,-91,-1,-3,3,33,-25,7,31.9,29.55,1018.08,1,0
2022-11-02 15:11:22,1009,0,144,-13,7,6,32,-27,11,31.9,29.55,1018.08,1,0
2022-11-02 15:11:22,946,33,-5,-62,12,-13,31,-26,9,31.9,29.55,1018.08,1,0
2022-11-02 15:11:22,966,222,-105,-48,8,5,32,-20,10,31.9,29.55,1018.08,1,0
2022-11-02 15:11:23,1003,40,-25,-35,-5,14,33,-17,6,31.9,29.55,1018.08,1,0
2022-11-02 15:11:23,1138,-189,-72,-42,-8,-13,31,-13,6,31.9,29.55,1018.08,1,0
2022-11-02 15:11:23,936,-244,185,-57,15,5,32,-9,1,31.9,29.55,1018.08,1,0
2022-11-02 15:11:23,1282,64,-76,-67,1,16,33,-3,4,31.9,29.55,1018.08,1,0
2022-11-02 15:11:23,909,-111,-93,-45,-7,4,35,3,2,31.9,29.55,1018.08,1,0
2022-11-02 15:11:23,942,-5,-193,-61,0,5,30,5,3,31.9,29.55,1018.08,1,0
2022-11-02 15:11:23,1052,-5,-105,-45,2,-8,31,7,2,31.9,29.56,1018.16,1,0
2022-11-02 15:11:23,1362,-226,-37,-49,-11,4,31,12,-2,31.9,29.56,1018.16,1,0
2022-11-02 15:11:23,806,113,156,-77,9,-5,28,17,-1,31.9,29.56,1018.16,1,0
2022-11-02 15:11:23,1022,-148,40,-114,7,-14,28,23,0,31.9,29.56,1018.16,1,0
2022-11-02 15:11:24,1013,74,33,-122,6,2,29,31,0,31.9,29.56,1018.16,1,0
2022-11-02 15:11:24,989,140,-23,-129,0,16,28,41,7,31.9,29.56,1018.16,1,0
2022-11-02 15:11:24,993,-101,-72,-82,-4,0,28,49,16,31.9,29.56,1018.16,1,0
2022-11-02 15:11:24,1114,-105,310,-141,31,1,31,55,20,31.9,29.56,1018.16,1,0
2022-11-02 15:11:24,1147,122,-25,-158,0,19,28,59,25,31.9,29.56,1018.16,1,0
2022-11-02 15:11:24,962,-64,-25,-103,-1,7,30,65,42,31.9,29.56,1018.16,1,0
2022-11-02 15:11:24,909,-17,-210,-93,-4,0,31,62,57,31.9,29.57,1018.09,1,0
2022-11-02 15:11:24,1054,-119,-220,-54,0,-4,32,58,59,31.9,29.57,1018.09,1,0
2022-11-02 15:11:24,1182,-218,-119,-62,-26,9,29,57,69,31.9,29.57,1018.09,1,0
2022-11-02 15:11:24,907,-107,316,-33,18,-15,33,55,71,31.9,29.57,1018.09,1,0
2022-11-02 15:11:25,1110,-17,83,-102,6,-8,32,54,75,31.9,29.57,1018.09,1,0
2022-11-02 15:11:25,868,83,-21,-85,5,-8,29,53,82,31.9,29.57,1018.09,1,0
2022-11-02 15:11:25,964,126,-21,-70,10,2,31,47,85,31.9,29.57,1018.09,1,0
2022-11-02 15:11:25,1034,177,-46,-30,0,6,28,44,94,31.9,29.57,1018.09,1,0
2022-11-02 15:11:25,1342,121,-138,-44,-8,-9,27,39,95,31.9,29.57,1018.09,1,0
2022-11-02 15:11:25,763,-236,177,-14,-6,-8,29,36,99,31.9,29.57,1018.09,1,0
2022-11-02 15:11:25,1303,160,-23,-12,-7,8,27,35,98,31.9,29.57,1018.13,1,0
2022-11-02 15:11:25,849,-21,-111,32,-15,2,27,33,98,31.9,29.57,1018.13,1,0
2022-11-02 15:11:25,872,-31,-208,18,-7,-1,31,35,93,31.9,29.57,1018.13,1,0
2022-11-02 15:11:25,1192,-81,-126,9,0,0,31,40,92,31.9,29.57,1018.13,1,0
2022-11-02 15:11:25,1313,-160,-13,0,2,10,33,37,91,31.9,29.57,1018.13,1,0
2022-11-02 15:11:26,782,134,175,-6,15,0,36,37,94,31.9,29.57,1018.13,1,0
2022-11-02 15:11:26,1030,-111,27,-56,13,-13,35,36,86,31.9,29.57,1018.13,1,0
2022-11-02 15:11:26,862,251,-76,-30,11,-4,35,33,88,31.9,29.57,1018.13,1,0
2022-11-02 15:11:26,995,99,-23,-22,5,10,35,31,97,31.9,29.57,1018.13,1,0
2022-11-02 15:11:26,1102,146,-101,-5,1,-11,34,26,97,31.9,29.57,1018.13,1,0
2022-11-02 15:11:26,1182,-60,294,-13,12,-12,37,25,98,31.9,29.6,1018.13,1,0
2022-11-02 15:11:26,1022,-9,-105,-34,-11,14,38,27,97,31.9,29.6,1018.13,1,0
2022-11-02 15:11:26,903,-44,-107,32,-14,-1,36,25,95,31.9,29.6,1018.13,1,0
2022-11-02 15:11:26,866,-7,-156,-4,-9,9,40,23,95,31.9,29.6,1018.13,1,0
2022-11-02 15:11:26,1112,40,-158,6,7,-2,41,25,95,31.9,29.6,1018.13,1,0
2022-11-02 15:11:27,1382,-27,-136,5,-20,17,42,24,88,31.9,29.6,1018.13,1,0
2022-11-02 15:11:27,671,-54,103,-35,2,-4,42,23,88,31.9,29.6,1018.13,1,0
2022-11-02 15:11:27,1077,-175,23,-54,15,-2,42,21,84,31.9,29.6,1018.13,1,0
2022-11-02 15:11:27,864,247,-23,-65,8,-8,41,20,84,31.9,29.6,1018.13,1,0
2022-11-02 15:11:27,935,187,-48,-36,12,8,42,16,88,31.9,29.6,1018.13,1,0
2022-11-02 15:11:27,1057,134,-44,-17,3,1,41,13,89,31.9,29.61,1018.13,1,0
2022-11-02 15:11:27,1368,56,187,-28,5,-9,39,12,82,31.9,29.61,1018.13,1,0
2022-11-02 15:11:27,856,-109,-105,-23,-19,5,39,11,82,31.9,29.61,1018.13,1,0
2022-11-02 15:11:27,958,-1,-64,10,-13,4,38,7,82,31.9,29.61,1018.13,1,0
2022-11-02 15:11:27,854,-23,-136,-3,-11,7,37,6,79,31.9,29.61,1018.13,1,0
2022-11-02 15:11:28,1016,-70,-101,-4,6,-3,38,8,76,31.9,29.61,1018.13,1,0
2022-11-02 15:11:28,1460,78,-111,-20,-19,15,39,6,78,31.9,29.61,1018.13,1,0
2022-11-02 15:11:28,669,-21,93,-42,4,-5,35,6,75,31.9,29.61,1018.13,1,0
2022-11-02 15:11:28,1089,-185,56,-82,1,0,36,1,71,31.9,29.61,1018.13,1,0
2022-11-02 15:11:28,933,23,105,-102,5,3,35,-1,76,31.9,29.61,1018.13,1,0
2022-11-02 15:11:28,979,42,39,-116,2,16,34,-1,69,31.9,29.61,1018.12,1,0
2022-11-02 15:11:28,927,-80,85,-105,6,2,31,-8,67,31.9,29.61,1018.12,1,0
2022-11-02 15:11:28,1372,-189,-35,-129,27,9,32,-11,61,31.9,29.61,1018.12,1,0
2022-11-02 15:11:28,1003,-286,50,-102,17,9,32,-12,57,31.9,29.61,1018.12,1,0
2022-11-02 15:11:28,1032,-48,-42,-160,7,10,31,-13,53,31.9,29.61,1018.12,1,0
2022-11-02 15:11:29,983,-253,-5,-150,18,-7,31,-17,47,31.9,29.61,1018.12,1,0
2022-11-02 15:11:29,976,19,-234,-129,-6,-10,33,-15,46,31.9,29.61,1018.12,1,0
2022-11-02 15:11:29,1161,-273,-5,-121,-5,-3,31,-13,37,31.9,29.61,1018.12,1,0
2022-11-02 15:11:29,903,56,210,-114,19,-10,33,-11,34,31.9,29.61,1018.12,1,0
2022-11-02 15:11:29,1005,85,121,-131,14,-11,34,-6,27,31.9,29.61,1018.12,1,0
2022-11-02 15:11:29,1013,146,11,-126,5,-8,34,1,24,31.9,29.61,1018.16,1,0
2022-11-02 15:11:29,923,275,-121,-85,-3,-8,34,6,25,31.9,29.61,1018.16,1,0
2022-11-02 15:11:29,1087,72,-25,-47,6,-4,35,12,25,31.9,29.61,1018.16,1,0
2022-11-02 15:11:29,1428,-35,-21,-73,-6,-5,35,15,23,31.9,29.61,1018.16,1,0
2022-11-02 15:11:29,753,-150,-35,-78,-13,3,35,13,22,31.9,29.61,1018.16,1,0
2022-11-02 15:11:30,1040,33,-37,-22,-10,1,36,20,22,31.9,29.61,1018.16,1,0
2022-11-02 15:11:30,892,-37,-111,-24,-16,8,37,25,19,31.9,29.61,1018.16,1,0
2022-11-02 15:11:30,935,-19,-212,-12,-2,2,36,23,19,31.9,29.61,1018.16,1,0
2022-11-02 15:11:30,1272,-101,-284,-12,-9,7,37,27,19,31.9,29.61,1018.16,1,0
2022-11-02 15:11:30,931,-294,-17,-23,6,0,35,24,14,31.9,29.61,1018.16,1,0
2022-11-02 15:11:30,1024,56,218,-7,17,0,34,28,11,31.9,29.63,1018.13,1,0
2022-11-02 15:11:30,964,115,19,-43,9,-20,36,31,17,31.9,29.63,1018.13,1,0
2022-11-02 15:11:30,958,101,-37,-32,15,-2,35,32,14,31.9,29.63,1018.13,1,0
2022-11-02 15:11:30,993,70,-31,-29,-1,9,34,39,14,31.9,29.63,1018.13,1,0
2022-11-02 15:11:30,1329,54,-160,-23,-9,-14,34,37,16,31.9,29.63,1018.13,1,0
2022-11-02 15:11:31,843,-195,179,-19,-3,-9,33,43,18,31.9,29.63,1018.13,1,0
2022-11-02 15:11:31,1249,160,17,-13,-4,11,31,44,21,31.9,29.63,1018.13,1,0
2022-11-02 15:11:31,833,-72,-142,32,-16,3,27,48,18,31.9,29.63,1018.13,1,0
2022-11-02 15:11:31,849,13,-218,16,-7,-4,26,45,13,31.9,29.63,1018.13,1,0
2022-11-02 15:11:31,1173,-54,-158,18,1,-1,22,47,11,31.9,29.63,1018.13,1,0
2022-11-02 15:11:31,1208,-224,-3,11,1,6,22,46,12,31.9,29.66,1018.16,1,0
2022-11-02 15:11:31,860,154,148,3,18,4,20,44,6,31.9,29.66,1018.16,1,0
2022-11-02 15:11:31,968,68,1,-31,11,-19,16,46,10,31.9,29.66,1018.16,1,0
2022-11-02 15:11:31,933,195,-52,-24,16,0,16,47,10,31.9,29.66,1018.16,1,0
2022-11-02 15:11:31,1024,74,-23,-19,0,13,18,48,17,31.9,29.66,1018.16,1,0
2022-11-02 15:11:32,1389,107,-78,-11,-2,-13,15,52,17,31.9,29.66,1018.16,1,0
2022-11-02 15:11:32,788,-54,171,10,-2,-7,13,52,16,31.9,29.66,1018.16,1,0
2022-11-02 15:11:32,1301,93,17,12,5,12,14,49,20,31.9,29.66,1018.16,1,0
2022-11-02 15:11:32,874,29,-107,42,-12,2,14,49,15,31.9,29.66,1018.16,1,0
2022-11-02 15:11:32,907,-35,-132,46,-3,-2,12,49,19,31.9,29.66,1018.16,1,0
2022-11-02 15:11:32,1456,136,257,31,-22,31,13,45,12,31.9,29.67,1018.1,1,0
2022-11-02 15:11:32,601,283,-76,39,-7,-21,13,42,7,31.9,29.67,1018.1,1,0
2022-11-02 15:11:32,1040,-23,27,33,13,-3,13,39,12,31.9,29.67,1018.1,1,0
2022-11-02 15:11:32,974,87,9,20,5,1,15,34,11,31.9,29.67,1018.1,1,0
2022-11-02 15:11:32,1015,122,-19,29,-6,9,15,32,12,31.9,29.67,1018.1,1,0
2022-11-02 15:11:33,1522,42,138,21,8,-12,13,30,9,31.9,29.67,1018.1,1,0
2022-11-02 15:11:33,626,-101,-70,38,-14,-7,11,28,7,31.9,29.67,1018.1,1,0
2022-11-02 15:11:33,1192,5,78,116,-2,-6,7,31,8,31.9,29.67,1018.1,1,0
2022-11-02 15:11:33,933,126,-21,113,-8,4,10,25,7,31.9,29.67,1018.1,1,0
2022-11-02 15:11:33,935,-11,50,145,0,-4,8,15,4,31.9,29.67,1018.1,1,0
2022-11-02 15:11:33,874,-23,117,146,15,-11,4,5,2,31.9,29.67,1018.1,1,0
2022-11-02 15:11:33,1354,121,290,127,10,22,5,-7,1,31.9,29.67,1018.05,1,0
2022-11-02 15:11:33,976,142,197,133,11,0,8,-20,14,31.9,29.67,1018.05,1,0
2022-11-02 15:11:33,1030,156,64,122,-4,-2,5,-24,19,31.9,29.67,1018.05,1,0
2022-11-02 15:11:33,972,181,117,81,-1,6,6,-28,30,31.9,29.67,1018.05,1,0
2022-11-02 15:11:34,954,255,177,91,-1,0,8,-33,34,31.9,29.67,1018.05,1,0
2022-11-02 15:11:34,1223,-138,203,61,0,1,7,-36,41,31.9,29.67,1018.05,1,0
2022-11-02 15:11:34,1141,-107,-27,77,-12,9,6,-38,49,31.9,29.67,1018.05,1,0
2022-11-02 15:11:34,983,-162,-21,94,-20,22,7,-35,57,31.9,29.67,1018.05,1,0
2022-11-02 15:11:34,870,-42,-44,75,-18,12,7,-36,63,31.9,29.67,1018.05,1,0
2022-11-02 15:11:34,936,-50,-136,61,-14,-1,4,-35,68,31.9,29.67,1018.05,1,0
2022-11-02 15:11:34,974,3,-226,52,-18,-14,7,-34,70,31.9,29.7,1018.12,1,0
2022-11-02 15:11:34,1319,-56,-23,35,-4,-5,8,-33,77,31.9,29.7,1018.12,1,0
2022-11-02 15:11:34,726,19,97,22,8,-5,7,-27,81,31.9,29.7,1018.12,1,0
2022-11-02 15:11:34,860,-46,39,-19,14,-17,11,-25,81,31.9,29.7,1018.12,1,0
2022-11-02 15:11:35,1050,46,1,-39,5,-6,10,-26,84,31.9,29.7,1018.12,1,0
2022-11-02 15:11:35,919,64,-35,-35,3,5,9,-26,80,31.9,29.7,1018.12,1,0
2022-11-02 15:11:35,1143,138,-109,-46,0,-14,15,-28,83,31.9,29.7,1018.12,1,0
2022-11-02 15:11:35,1067,-124,173,-13,7,-9,12,-35,76,31.9,29.7,1018.12,1,0
2022-11-02 15:11:35,1161,21,-25,-48,-1,17,12,-33,79,31.9,29.7,1018.12,1,0
2022-11-02 15:11:35,888,-115,-103,-15,-8,2,13,-35,75,31.9,29.7,1018.12,1,0
2022-11-02 15:11:35,882,-29,-187,-18,-12,0,17,-38,78,31.9,29.7,1018.08,1,0
2022-11-02 15:11:35,1106,-60,-199,10,4,-11,19,-38,72,31.9,29.7,1018.08,1,0
2022-11-02 15:11:35,1321,-353,-9,-29,5,10,20,-38,74,31.9,29.7,1018.08,1,0
2022-11-02 15:11:35,958,7,185,-31,14,1,21,-39,72,31.9,29.7,1018.08,1,0
2022-11-02 15:11:36,1044,46,13,-69,6,-18,23,-34,68,31.9,29.7,1018.08,1,0
2022-11-02 15:11:36,827,101,-21,-61,15,-1,27,-38,63,31.9,29.7,1018.08,1,0
2022-11-02 15:11:36,1024,167,-78,-54,1,14,29,-39,53,31.9,29.7,1018.08,1,0
2022-11-02 15:11:36,1243,19,-130,-22,4,-13,29,-38,57,31.9,29.7,1018.08,1,0
2022-11-02 15:11:36,1044,-126,286,-34,9,-1,30,-41,55,31.9,29.7,1018.08,1,0
2022-11-02 15:11:36,1104,62,-29,-52,-5,16,29,-39,52,31.9,29.7,1018.08,1,0
2022-11-02 15:11:36,870,-23,-130,-7,-12,0,33,-39,44,31.9,29.7,1018.12,1,0
2022-11-02 15:11:36,856,-1,-181,-13,-5,7,32,-37,44,31.9,29.7,1018.12,1,0
2022-11-02 15:11:36,1159,-111,-203,-10,-7,-5,34,-40,40,31.9,29.7,1018.12,1,0
2022-11-02 15:11:36,1145,-294,33,-37,-1,2,32,-38,42,31.9,29.7,1018.12,1,0
2022-11-02 15:11:37,1069,-148,163,-50,16,3,32,-38,39,31.9,29.7,1018.12,1,0
2022-11-02 15:11:37,911,101,76,-92,11,-10,33,-36,39,31.9,29.7,1018.12,1,0
2022-11-02 15:11:37,976,150,-17,-75,9,4,38,-31,29,31.9,29.7,1018.12,1,0
2022-11-02 15:11:37,958,162,-85,-31,-5,15,36,-29,26,31.9,29.7,1018.12,1,0
2022-11-02 15:11:37,1352,-121,-91,-25,-8,-8,36,-28,20,31.9,29.7,1018.12,1,0
2022-11-02 15:11:37,733,-208,50,-26,-7,-11,37,-28,21,31.9,29.7,1018.12,1,0
2022-11-02 15:11:37,1239,91,-3,-7,-9,10,37,-27,17,31.9,29.74,1018.15,1,0
2022-11-02 15:11:37,862,-89,-109,18,-15,1,34,-26,10,31.9,29.74,1018.15,1,0
2022-11-02 15:11:37,823,39,-193,1,-7,-5,34,-29,15,31.9,29.74,1018.15,1,0
2022-11-02 15:11:37,1272,23,-206,-14,-6,-3,35,-28,14,31.9,29.74,1018.15,1,0
2022-11-02 15:11:38,851,-236,-17,-22,-2,3,34,-30,13,31.9,29.74,1018.15,1,0
2022-11-02 15:11:38,1138,-195,1,-41,11,4,33,-27,14,31.9,29.74,1018.15,1,0
2022-11-02 15:11:38,958,136,60,-102,9,-7,31,-24,10,31.9,29.74,1018.15,1,0
2022-11-02 15:11:38,925,111,-46,-79,10,9,32,-18,5,31.9,29.74,1018.15,1,0
2022-11-02 15:11:38,1007,60,1,-51,1,5,34,-9,6,31.9,29.74,1018.15,1,0
2022-11-02 15:11:38,1407,-93,103,-71,12,-6,32,-4,3,31.9,29.74,1018.15,1,0
2022-11-02 15:11:38,831,1,-81,-88,-10,8,34,0,-1,31.9,29.74,1018.15,1,0
2022-11-02 15:11:38,1001,-78,-70,-49,-3,1,34,7,0,31.9,29.74,1018.15,1,0
2022-11-02 15:11:38,917,-74,-107,-76,-5,6,32,12,0,31.9,29.74,1018.15,1,0
2022-11-02 15:11:38,987,-66,-124,-69,6,-3,32,18,-1,31.9,29.74,1018.15,1,0
2022-11-02 15:11:39,1331,-281,-21,-86,-4,2,30,22,1,31.9,29.74,1018.15,1,0
2022-11-02 15:11:39,1173,-160,337,-82,20,-1,30,32,1,31.9,29.74,1018.15,1,0
2022-11-02 15:11:39,972,60,87,-129,0,-14,28,34,6,31.9,29.74,1018.15,1,0
2022-11-02 15:11:39,989,58,-7,-139,3,7,29,45,11,31.9,29.74,1018.15,1,0
2022-11-02 15:11:39,901,206,-19,-101,-7,13,32,54,16,31.9,29.74,1018.15,1,0
2022-11-02 15:11:39,1024,-234,-23,-74,2,-8,33,57,31,31.9,29.74,1018.15,1,0
2022-11-02 15:11:39,858,-81,72,-127,22,-13,31,60,37,31.9,29.74,1018.08,1,0
2022-11-02 15:11:39,1145,74,-21,-77,6,11,29,64,47,31.9,29.74,1018.08,1,0
2022-11-02 15:11:39,886,-154,-115,-70,-11,1,29,64,53,31.9,29.74,1018.08,1,0
2022-11-02 15:11:39,948,-33,-195,-72,-1,0,31,63,63,31.9,29.74,1018.08,1,0
2022-11-02 15:11:40,1264,-158,-27,-45,2,0,31,59,69,31.9,29.74,1018.08,1,0
2022-11-02 15:11:40,991,-76,-19,-60,1,-10,29,61,68,31.9,29.74,1018.08,1,0
2022-11-02 15:11:40,1065,-150,222,-80,-1,-9,31,53,74,31.9,29.74,1018.08,1,0
2022-11-02 15:11:40,1005,156,62,-93,2,-21,30,56,84,31.9,29.74,1018.08,1,0
2022-11-02 15:11:40,903,97,-15,-73,23,-1,28,50,88,31.9,29.74,1018.08,1,0
2022-11-02 15:11:40,919,185,-35,-56,-2,7,28,45,96,31.9,29.74,1018.08,1,0
2022-11-02 15:11:40,1182,121,-62,-24,-2,-11,27,39,98,31.9,29.75,1018.16,1,0
2022-11-02 15:11:40,1210,-15,292,-20,2,-10,26,40,101,31.9,29.75,1018.16,1,0
2022-11-02 15:11:40,1003,48,-93,-45,-9,19,27,38,99,31.9,29.75,1018.16,1,0
2022-11-02 15:11:40,878,-66,-70,9,-15,3,29,30,100,31.9,29.75,1018.16,1,0
2022-11-02 15:11:41,888,-62,-163,0,-10,3,29,29,98,31.9,29.75,1018.16,1,0
2022-11-02 15:11:41,1124,58,-134,7,-2,-2,31,29,103,31.9,29.75,1018.16,1,0
2022-11-02 15:11:41,1417,-318,91,3,-2,25,31,31,104,31.9,29.75,1018.16,1,0
2022-11-02 15:11:41,634,242,132,-4,10,-15,34,30,95,31.9,29.75,1018.16,1,0
2022-11-02 15:11:41,1075,-160,-60,-48,3,-4,35,28,96,31.9,29.75,1018.16,1,0
2022-11-02 15:11:41,804,162,-5,-52,14,1,35,28,100,31.9,29.75,1018.16,1,0
2022-11-02 15:11:41,958,222,-48,-21,0,5,32,23,96,31.9,29.75,1018.19,1,0
2022-11-02 15:11:41,1132,35,-44,-2,0,5,36,19,94,31.9,29.75,1018.19,1,0
2022-11-02 15:11:41,1335,218,312,-9,13,-15,37,18,96,31.9,29.75,1018.19,1,0
2022-11-02 15:11:41,776,72,-121,44,-24,8,40,16,96,31.9,29.75,1018.19,1,0
2022-11-02 15:11:42,1059,39,-7,107,-19,-4,41,19,97,31.9,29.75,1018.19,1,0
2022-11-02 15:11:42,835,70,-35,97,-2,1,41,26,91,31.9,29.75,1018.19,1,0
2022-11-02 15:11:42,1015,-54,-25,61,1,1,42,31,89,31.9,29.75,1018.19,1,0
2022-11-02 15:11:42,1319,277,62,76,0,0,42,34,81,31.9,29.75,1018.19,1,0
2022-11-02 15:11:42,720,134,167,81,1,2,42,37,77,31.9,29.75,1018.19,1,0
2022-11-02 15:11:42,979,-19,46,56,15,-5,40,40,76,31.9,29.75,1018.19,1,0
2022-11-02 15:11:42,919,193,1,49,3,0,40,42,72,31.9,29.79,1018.1,1,0
2022-11-02 15:11:42,1056,105,64,43,0,7,41,45,72,31.9,29.79,1018.1,1,0
2022-11-02 15:11:42,1315,177,50,38,-7,-12,40,49,75,31.9,29.79,1018.1,1,0
2022-11-02 15:11:42,733,-56,78,58,-22,-11,39,52,69,31.9,29.79,1018.1,1,0
2022-11-02 15:11:43,1231,19,142,85,-7,8,37,52,61,31.9,29.79,1018.1,1,0
2022-11-02 15:11:43,841,-21,-29,99,-19,2,36,54,56,31.9,29.79,1018.1,1,0
2022-11-02 15:11:43,878,13,-70,84,4,-4,33,56,47,31.9,29.79,1018.1,1,0
2022-11-02 15:11:43,1159,-9,-89,46,-16,0,32,54,42,31.9,29.79,1018.1,1,0
2022-11-02 15:11:43,1016,-201,64,69,-10,0,27,53,38,31.9,29.79,1018.1,1,0
2022-11-02 15:11:43,1075,-56,142,91,19,2,24,51,26,31.9,29.79,1018.1,1,0
2022-11-02 15:11:43,911,124,76,55,14,-20,23,51,26,31.9,29.79,1018.13,1,0
2022-11-02 15:11:43,948,203,11,66,0,0,21,50,20,31.9,29.79,1018.13,1,0
2022-11-02 15:11:43,1159,101,23,48,-22,9,20,46,19,31.9,29.79,1018.13,1,0
2022-11-02 15:11:43,1143,-89,259,46,-17,-15,19,45,9,31.9,29.79,1018.13,1,0
2022-11-02 15:11:44,1153,50,-21,94,-16,11,16,39,12,31.9,29.79,1018.13,1,0
2022-11-02 15:11:44,913,52,39,156,-16,-3,15,33,1,31.9,29.79,1018.13,1,0
2022-11-02 15:11:44,935,80,17,162,-15,-11,12,24,4,31.9,29.79,1018.13,1,0
2022-11-02 15:11:44,1171,-158,52,113,10,-8,12,11,-4,31.9,29.79,1018.13,1,0
2022-11-02 15:11:44,1413,361,134,104,0,-11,12,-1,-1,31.9,29.79,1018.13,1,0
2022-11-02 15:11:44,683,122,128,122,0,-2,10,-10,3,31.9,29.79,1018.13,1,0
2022-11-02 15:11:44,1044,-58,85,89,3,-6,11,-16,1,31.9,29.8,1018.13,1,0
2022-11-02 15:11:44,938,189,105,94,12,-14,13,-25,12,31.9,29.8,1018.13,1,0
2022-11-02 15:11:44,966,146,142,77,10,0,14,-31,21,31.9,29.8,1018.13,1,0
2022-11-02 15:11:44,1018,279,103,50,-4,-3,15,-36,25,31.9,29.8,1018.13,1,0
2022-11-02 15:11:45,1159,-284,189,39,-14,-7,14,-38,32,31.9,29.8,1018.13,1,0
2022-11-02 15:11:45,1015,-23,-52,43,-10,11,19,-41,37,31.9,29.8,1018.13,1,0
2022-11-02 15:11:45,903,-64,-68,39,-9,5,17,-42,36,31.9,29.8,1018.13,1,0
2022-11-02 15:11:45,964,-113,-148,34,-12,0,18,-46,40,31.9,29.8,1018.13,1,0
2022-11-02 15:11:45,1022,68,-142,14,0,-4,18,-43,39,31.9,29.8,1018.13,1,0
2022-11-02 15:11:45,1358,27,-222,5,-25,-2,22,-43,46,31.9,29.8,1018.13,1,0
2022-11-02 15:11:45,730,-148,80,-10,2,-7,23,-44,48,31.9,29.83,1018.19,1,0
2022-11-02 15:11:45,1102,-314,-7,-32,23,-4,24,-42,46,31.9,29.83,1018.19,1,0
2022-11-02 15:11:45,839,345,-17,-41,10,-19,25,-43,43,31.9,29.83,1018.19,1,0
2022-11-02 15:11:45,966,83,-33,-27,15,5,28,-39,43,31.9,29.83,1018.19,1,0
2022-11-02 15:11:46,1141,156,-29,-12,12,-3,29,-40,43,31.9,29.83,1018.19,1,0
2022-11-02 15:11:46,1419,-74,277,-52,0,-7,31,-40,43,31.9,29.83,1018.19,1,0
2022-11-02 15:11:46,767,-72,-37,-36,-16,7,31,-36,39,31.9,29.83,1018.19,1,0
2022-11-02 15:11:46,972,21,-54,9,-15,0,35,-35,34,31.9,29.83,1018.19,1,0
2022-11-02 15:11:46,853,-1,-124,2,-11,3,34,-37,34,31.9,29.83,1018.19,1,0
2022-11-02 15:11:46,1038,-74,-105,11,-3,-2,32,-37,32,31.9,29.83,1018.19,1,0
2022-11-02 15:11:46,1325,66,-119,9,-14,4,31,-33,25,31.9,29.83,1018.17,1,0
2022-11-02 15:11:46,704,-7,212,-13,-2,0,32,-39,37,31.9,29.83,1018.17,1,0
2022-11-02 15:11:46,1075,-195,27,-58,10,-2,33,-38,27,31.9,29.83,1018.17,1,0
2022-11-02 15:11:46,886,206,-35,-71,1,-4,32,-36,29,31.9,29.83,1018.17,1,0
2022-11-02 15:11:47,911,140,-70,-48,7,9,33,-34,23,31.9,29.83,1018.17,1,0
2022-11-02 15:11:47,1052,124,-68,-33,0,-12,34,-31,22,31.9,29.83,1018.17,1,0
2022-11-02 15:11:47,1506,-74,140,-44,10,-9,32,-28,13,31.9,29.83,1018.17,1,0
2022-11-02 15:11:47,655,-201,-48,-59,-10,11,36,-23,10,31.9,29.83,1018.17,1,0
2022-11-02 15:11:47,1122,13,-68,-47,-11,6,34,-17,13,31.9,29.83,1018.17,1,0
2022-11-02 15:11:47,862,-95,-175,-33,-9,0,33,-15,5,31.9,29.83,1018.17,1,0
2022-11-02 15:11:47,999,-27,-206,-45,0,-4,33,-12,3,31.9,29.83,1018.12,1,0
2022-11-02 15:11:47,1391,-279,35,-77,-13,16,30,-9,6,31.9,29.83,1018.12,1,0
2022-11-02 15:11:47,657,81,152,-74,12,-6,31,-3,5,31.9,29.83,1018.12,1,0
2022-11-02 15:11:47,1018,-134,23,-122,-2,-5,28,0,0,31.9,29.83,1018.12,1,0
2022-11-02 15:11:48,946,50,91,-139,11,5,32,8,0,31.9,29.83,1018.12,1,0
2022-11-02 15:11:48,1015,214,-23,-136,0,13,32,19,0,31.9,29.83,1018.12,1,0
2022-11-02 15:11:48,1016,-97,-76,-89,-1,3,32,34,4,31.9,29.83,1018.12,1,0
2022-11-02 15:11:48,1243,-117,283,-127,27,-3,32,39,7,31.9,29.83,1018.12,1,0
2022-11-02 15:11:48,1108,93,17,-129,-2,21,29,45,12,31.9,29.83,1018.12,1,0
2022-11-02 15:11:48,950,-193,-19,-84,0,7,34,53,23,31.9,29.83,1018.12,1,0
2022-11-02 15:11:48,903,-31,-117,-106,0,4,33,56,32,31.9,29.84,1018.08,1,0
2022-11-02 15:11:48,1030,-37,-171,-69,4,-11,33,59,36,31.9,29.84,1018.08,1,0
2022-11-02 15:11:48,1446,-327,-19,-68,-1,10,34,60,47,31.9,29.84,1018.08,1,0
2022-11-02 15:11:48,890,54,220,-71,20,-18,32,59,45,31.9,29.84,1018.08,1,0
2022-11-02 15:11:49,1040,-48,60,-116,5,-16,33,62,56,31.9,29.84,1018.08,1,0
2022-11-02 15:11:49,839,60,9,-111,0,-8,30,63,68,31.9,29.84,1018.08,1,0
2022-11-02 15:11:49,976,222,-70,-85,-5,-3,29,60,74,31.9,29.84,1018.08,1,0
2022-11-02 15:11:49,1040,113,-48,-36,3,-2,26,55,83,31.9,29.84,1018.08,1,0
2022-11-02 15:11:49,1409,-81,-54,-68,-5,-7,29,53,83,31.9,29.84,1018.08,1,0
2022-11-02 15:11:49,650,-216,13,-52,2,-9,25,49,92,31.9,29.84,1018.08,1,0
2022-11-02 15:11:49,1223,11,-25,-35,-9,8,26,46,95,31.9,29.85,1018.1,1,0
2022-11-02 15:11:49,895,72,-136,-36,-15,15,28,39,91,31.9,29.85,1018.1,1,0
2022-11-02 15:11:49,862,40,-238,-7,-5,-1,28,39,95,31.9,29.85,1018.1,1,0
2022-11-02 15:11:49,1214,-136,-284,-2,-7,12,29,37,97,31.9,29.85,1018.1,1,0
2022-11-02 15:11:50,1294,-242,109,3,8,5,31,35,94,31.9,29.85,1018.1,1,0
2022-11-02 15:11:50,864,142,121,0,14,0,32,34,95,31.9,29.85,1018.1,1,0
2022-11-02 15:11:50,993,23,13,-50,7,-15,32,32,94,31.9,29.85,1018.1,1,0
2022-11-02 15:11:50,925,199,-99,-28,16,0,34,31,97,31.9,29.85,1018.1,1,0
2022-11-02 15:11:50,1024,117,-44,-24,4,11,33,27,102,31.9,29.85,1018.1,1,0
2022-11-02 15:11:50,1235,70,-119,-6,1,-13,34,25,99,31.9,29.85,1018.1,1,0
2022-11-02 15:11:50,1016,-124,300,-16,-4,-13,34,25,98,31.9,29.85,1018.08,1,0
2022-11-02 15:11:50,1057,171,-21,-9,-3,17,34,24,101,31.9,29.85,1018.08,1,0
2022-11-02 15:11:50,800,-144,-121,43,-15,2,39,23,98,31.9,29.85,1018.08,1,0
2022-11-02 15:11:50,890,7,-185,15,-2,1,36,24,93,31.9,29.85,1018.08,1,0
2022-11-02 15:11:51,1151,-150,-126,-10,1,7,40,26,92,31.9,29.85,1018.08,1,0
2022-11-02 15:11:51,1321,-142,23,6,-6,2,42,28,88,31.9,29.85,1018.08,1,0
2022-11-02 15:11:51,800,130,150,-1,8,1,44,23,84,31.9,29.85,1018.08,1,0
2022-11-02 15:11:51,989,-162,23,-59,21,-12,43,25,83,31.9,29.85,1018.08,1,0
2022-11-02 15:11:51,901,281,-91,-44,11,-2,43,21,83,31.9,29.85,1018.08,1,0
2022-11-02 15:11:51,954,78,-29,-24,7,12,42,21,86,31.9,29.85,1018.08,1,0
2022-11-02 15:11:51,1180,171,-169,-22,0,-15,39,15,88,31.9,29.88,1018.15,1,0
2022-11-02 15:11:51,1102,-259,263,-13,16,-16,39,12,89,31.9,29.88,1018.15,1,0
2022-11-02 15:11:51,1136,62,-1,-57,-3,20,38,17,83,31.9,29.88,1018.15,1,0
2022-11-02 15:11:51,854,-64,-105,1,-11,-1,39,8,88,31.9,29.88,1018.15,1,0
2022-11-02 15:11:51,886,-37,-173,-20,-3,2,39,11,83,31.9,29.88,1018.15,1,0
2022-11-02 15:11:52,1171,-87,-62,-25,5,-4,39,7,82,31.9,29.88,1018.15,1,0
2022-11-02 15:11:52,1159,-259,13,-35,-6,5,39,8,77,31.9,29.88,1018.15,1,0
2022-11-02 15:11:52,1065,-109,203,-73,9,7,38,8,76,31.9,29.88,1018.15,1,0
2022-11-02 15:11:52,983,-31,160,-135,2,-6,37,-1,76,31.9,29.88,1018.15,1,0
2022-11-02 15:11:52,1036,-130,158,-144,16,12,34,-3,67,31.9,29.88,1018.15,1,0
2022-11-02 15:11:52,989,80,146,-163,0,12,33,-8,66,31.9,29.88,1018.1,1,0
2022-11-02 15:11:52,1190,-68,72,-170,14,22,32,-12,65,31.9,29.88,1018.1,1,0
2022-11-02 15:11:52,1020,-152,74,-149,23,0,33,-16,53,31.9,29.88,1018.1,1,0
2022-11-02 15:11:52,1020,62,-144,-152,3,8,33,-16,50,31.9,29.88,1018.1,1,0
2022-11-02 15:11:52,958,-163,-111,-92,10,-4,31,-17,47,31.9,29.88,1018.1,1,0
2022-11-02 15:11:53,989,-160,-201,-82,3,-9,31,-17,34,31.9,29.88,1018.1,1,0
2022-11-02 15:11:53,1282,-283,-19,-79,2,4,33,-13,34,31.9,29.88,1018.1,1,0
2022-11-02 15:11:53,979,-3,146,-77,-2,-10,33,-12,32,31.9,29.88,1018.1,1,0
2022-11-02 15:11:53,989,-95,216,-107,11,-7,33,-8,24,31.9,29.88,1018.1,1,0
2022-11-02 15:11:53,970,101,128,-120,14,-12,37,-7,20,31.9,29.88,1018.1,1,0
2022-11-02 15:11:53,1013,134,37,-129,9,-4,37,0,17,31.9,29.92,1018.13,1,0
2022-11-02 15:11:53,927,281,-103,-85,-1,0,39,7,21,31.9,29.92,1018.13,1,0
2022-11-02 15:11:53,1059,3,-74,-55,-1,-10,37,13,19,31.9,29.92,1018.13,1,0
2022-11-02 15:11:53,1354,1,234,-58,4,-12,39,19,24,31.9,29.92,1018.13,1,0
2022-11-02 15:11:53,938,0,-35,-90,-7,16,37,21,14,31.9,29.92,1018.13,1,0
2022-11-02 15:11:54,964,-15,-58,-27,-3,7,39,27,22,31.9,29.92,1018.13,1,0
2022-11-02 15:11:54,948,-60,-138,-29,-17,6,38,27,16,31.9,29.92,1018.13,1,0
2022-11-02 15:11:54,942,-29,-183,-8,-7,-6,38,32,18,31.9,29.92,1018.13,1,0
2022-11-02 15:11:54,1257,-39,-234,-14,-8,3,36,31,12,31.9,29.92,1018.13,1,0
2022-11-02 15:11:54,780,-115,13,-36,-26,1,35,33,9,31.9,29.92,1018.13,1,0
2022-11-02 15:11:54,1110,-158,72,-22,16,0,34,37,14,31.9,29.94,1018.15,1,0
2022-11-02 15:11:54,862,185,29,-43,10,-18,31,41,11,31.9,29.94,1018.15,1,0
2022-11-02 15:11:54,987,128,-25,-29,19,4,32,45,18,31.9,29.94,1018.15,1,0
2022-11-02 15:11:54,974,105,-46,-22,0,7,31,43,17,31.9,29.94,1018.15,1,0
2022-11-02 15:11:54,1378,74,-113,-32,-22,-13,30,45,24,31.9,29.94,1018.15,1,0
2022-11-02 15:11:55,675,-189,-29,8,-16,-4,25,53,16,31.9,29.94,1018.15,1,0
2022-11-02 15:11:55,1253,35,21,27,-3,19,22,54,18,31.9,29.94,1018.15,1,0
2022-11-02 15:11:55,806,-29,-121,29,-16,7,22,52,16,31.9,29.94,1018.15,1,0
2022-11-02 15:11:55,853,-60,-185,30,-1,1,19,50,14,31.9,29.94,1018.15,1,0
2022-11-02 15:11:55,1114,-103,-212,10,-5,5,18,48,13,31.9,29.94,1018.15,1,0
2022-11-02 15:11:55,1423,-179,136,34,-9,6,17,47,10,31.9,29.95,1018.12,1,0
2022-11-02 15:11:55,921,185,-5,35,17,-8,13,45,8,31.9,29.95,1018.12,1,0
2022-11-02 15:11:55,913,72,72,9,15,-27,11,42,10,31.9,29.95,1018.12,1,0
2022-11-02 15:11:55,974,115,-25,6,11,3,13,46,12,31.9,29.95,1018.12,1,0
2022-11-02 15:11:55,1050,54,-42,-11,1,15,12,47,10,31.9,29.95,1018.12,1,0
2022-11-02 15:11:56,1499,27,-25,8,4,-21,14,44,11,31.9,29.95,1018.12,1,0
2022-11-02 15:11:56,708,-140,-56,40,-17,-8,13,43,13,31.9,29.95,1018.12,1,0
2022-11-02 15:11:56,1206,50,70,66,1,-1,11,42,9,31.9,29.95,1018.12,1,0
2022-11-02 15:11:56,880,42,-48,81,-7,-4,11,40,9,31.9,29.95,1018.12,1,0
2022-11-02 15:11:56,976,-56,-60,81,7,-3,9,33,5,31.9,29.95,1018.12,1,0
2022-11-02 15:11:56,1098,-40,-122,78,-5,-8,9,28,3,31.9,29.95,1018.16,1,0
2022-11-02 15:11:56,1067,21,119,69,9,0,8,21,5,31.9,29.95,1018.16,1,0
2022-11-02 15:11:56,946,27,236,64,15,9,5,16,5,31.9,29.95,1018.16,1,0
2022-11-02 15:11:56,1003,255,158,85,10,-5,6,11,4,31.9,29.95,1018.16,1,0
2022-11-02 15:11:56,993,284,134,119,-5,7,11,7,7,31.9,29.95,1018.16,1,0
2022-11-02 15:11:57,1036,103,234,159,-4,8,6,-2,3,31.9,29.95,1018.16,1,0
2022-11-02 15:11:57,1013,-60,80,88,-13,4,8,-11,6,31.9,29.95,1018.16,1,0
2022-11-02 15:11:57,1218,171,93,64,2,-1,7,-22,17,31.9,29.95,1018.16,1,0
2022-11-02 15:11:57,915,-9,-42,85,-20,1,7,-27,20,31.9,29.95,1018.16,1,0
2022-11-02 15:11:57,1073,25,-17,113,-17,-4,7,-31,24,31.9,29.95,1018.16,1,0
2022-11-02 15:11:57,983,93,-37,123,-16,-5,5,-33,31,31.9,29.98,1018.1,1,0
2022-11-02 15:11:57,977,-15,-39,133,-9,-6,5,-38,42,31.9,29.98,1018.1,1,0
2022-11-02 15:11:57,987,-95,-70,104,-1,-6,7,-36,52,31.9,29.98,1018.1,1,0
2022-11-02 15:11:57,1018,-72,-140,56,-1,-5,8,-37,65,31.9,29.98,1018.1,1,0
2022-11-02 15:11:57,1266,101,-97,45,0,-6,8,-35,71,31.9,29.98,1018.1,1,0
2022-11-02 15:11:58,618,31,1,37,5,-14,10,-36,71,31.9,29.98,1018.1,1,0
2022-11-02 15:11:58,1220,-138,0,17,5,-2,10,-31,76,31.9,29.98,1018.1,1,0
2022-11-02 15:11:58,847,56,-23,12,16,-18,9,-30,80,31.9,29.98,1018.1,1,0
2022-11-02 15:11:58,964,113,-21,-11,10,0,10,-29,80,31.9,29.98,1018.1,1,0
2022-11-02 15:11:58,1098,83,-25,-12,0,3,11,-26,89,31.9,29.98,1018.1,1,0
2022-11-02 15:11:58,1512,13,183,7,20,-9,10,-27,86,31.9,29.97,1018.16,1,0
2022-11-02 15:11:58,585,-171,-111,-15,-24,7,12,-30,82,31.9,29.97,1018.16,1,0
2022-11-02 15:11:58,1143,-117,-11,-1,-3,-4,12,-26,84,31.9,29.97,1018.16,1,0
2022-11-02 15:11:58,849,-13,-144,-15,-16,4,14,-30,84,31.9,29.97,1018.16,1,0
2022-11-02 15:11:58,976,-21,-171,0,0,-5,16,-30,83,31.9,29.97,1018.16,1,0
2022-11-02 15:11:59,1251,11,-312,0,-17,-9,19,-28,77,31.9,29.97,1018.16,1,0
2022-11-02 15:11:59,790,-318,81,-48,4,0,22,-28,80,31.9,29.97,1018.16,1,0
2022-11-02 15:11:59,1141,-162,128,-57,17,-2,23,-30,83,31.9,29.97,1018.16,1,0
2022-11-02 15:11:59,899,197,46,-98,5,-15,23,-30,76,31.9,29.97,1018.16,1,0
2022-11-02 15:11:59,976,97,-39,-79,11,8,24,-36,70,31.9,29.97,1018.16,1,0
2022-11-02 15:11:59,985,97,-13,-48,2,6,26,-40,68,31.9,29.97,1018.16,1,0
2022-11-02 15:11:59,1366,-117,-87,-58,-7,-6,28,-41,57,31.9,29.98,1018.16,1,0
2022-11-02 15:11:59,694,-359,119,-64,4,-2,30,-40,60,31.9,29.98,1018.16,1,0
2022-11-02 15:11:59,1208,93,15,-58,-7,12,31,-40,50,31.9,29.98,1018.16,1,0
2022-11-02 15:11:59,870,-111,-130,-16,-14,6,31,-40,45,31.9,29.98,1018.16,1,0
2022-11-02 15:12:00,927,21,-201,-13,-7,0,32,-40,43,31.9,29.98,1018.16,1,0
2022-11-02 15:12:00,1264,-48,-263,-11,-13,1,33,-36,39,31.9,29.98,1018.16,1,0
2022-11-02 15:12:00,933,-228,119,-30,-3,6,33,-38,39,31.9,29.98,1018.16,1,0
2022-11-02 15:12:00,1028,-97,64,-33,8,0,30,-39,36,31.9,29.98,1018.16,1,0
2022-11-02 15:12:00,929,199,25,-56,5,-14,30,-37,32,31.9,29.98,1018.16,1,0
2022-11-02 15:12:00,964,89,-40,-34,15,4,31,-35,31,31.9,29.98,1018.16,1,0
2022-11-02 15:12:00,995,95,-23,-35,-4,11,33,-34,29,31.9,29.99,1018.17,1,0
2022-11-02 15:12:00,1315,72,-78,-28,-6,-15,33,-34,25,31.9,29.99,1018.17,1,0
2022-11-02 15:12:00,817,-253,109,-17,2,-17,34,-31,22,31.9,29.99,1018.17,1,0
2022-11-02 15:12:00,1225,122,-21,-31,-7,15,37,-27,21,31.9,29.99,1018.17,1,0
2022-11-02 15:12:01,858,-101,-109,0,-11,7,33,-27,16,31.9,29.99,1018.17,1,0
2022-11-02 15:12:01,851,23,-183,2,-3,-4,34,-26,17,31.9,29.99,1018.17,1,0
2022-11-02 15:12:01,1147,-64,-128,-4,0,-6,34,-28,9,31.9,29.99,1018.17,1,0
2022-11-02 15:12:01,1333,-218,17,-11,1,3,35,-29,13,31.9,29.99,1018.17,1,0
2022-11-02 15:12:01,923,5,156,-25,3,1,34,-28,13,31.9,29.99,1018.17,1,0
2022-11-02 15:12:01,974,-138,87,-97,11,-10,36,-27,9,31.9,29.99,1018.17,1,0
2022-11-02 15:12:01,977,158,-42,-94,6,5,34,-18,9,31.9,30.01,1018.17,1,0
2022-11-02 15:12:01,1030,105,-80,-75,0,22,35,-9,1,31.9,30.01,1018.17,1,0
2022-11-02 15:12:01,1114,-269,-21,-67,7,-5,31,-6,-3,31.9,30.01,1018.17,1,0
2022-11-02 15:12:01,901,-177,181,-87,21,-5,34,-1,4,31.9,30.01,1018.17,1,0
2022-11-02 15:12:02,1241,7,-52,-82,0,19,36,10,3,31.9,30.01,1018.17,1,0
2022-11-02 15:12:02,890,-148,-87,-68,-8,4,33,12,3,31.9,30.01,1018.17,1,0
2022-11-02 15:12:02,888,-25,-185,-69,1,1,32,20,0,31.9,30.01,1018.17,1,0
2022-11-02 15:12:02,1120,-66,-119,-64,7,-16,31,25,2,31.9,30.01,1018.17,1,0
2022-11-02 15:12:02,1249,-366,74,-63,3,-4,31,33,7,31.9,30.01,1018.17,1,0
2022-11-02 15:12:02,1057,19,204,-80,18,-12,33,37,3,31.9,30.01,1018.17,1,0
2022-11-02 15:12:02,1003,-62,97,-143,1,-18,29,41,9,31.9,30.02,1018.13,1,0
2022-11-02 15:12:02,1016,105,-9,-145,9,5,29,51,21,31.9,30.02,1018.13,1,0
2022-11-02 15:12:02,983,294,-21,-85,0,3,31,61,27,31.9,30.02,1018.13,1,0
2022-11-02 15:12:02,1011,-244,-91,-79,-4,0,27,64,38,31.9,30.02,1018.13,1,0
2022-11-02 15:12:03,989,-150,345,-134,25,-6,31,63,46,31.9,30.02,1018.13,1,0
2022-11-02 15:12:03,1272,204,31,-126,-3,15,29,63,57,31.9,30.02,1018.13,1,0
2022-11-02 15:12:03,927,-78,-48,-69,-14,5,30,61,73,31.9,30.02,1018.13,1,0
2022-11-02 15:12:03,899,0,-197,-62,-4,2,29,58,76,31.9,30.02,1018.13,1,0
2022-11-02 15:12:03,1098,-27,-216,-20,-2,-14,30,52,78,31.9,30.02,1018.13,1,0
2022-11-02 15:12:03,1290,-193,-25,-41,-19,12,29,55,75,31.9,30.02,1018.13,1,0
2022-11-02 15:12:03,702,87,220,-51,1,-6,31,52,78,31.9,30.03,1018.15,1,0
2022-11-02 15:12:03,1044,-214,35,-91,10,-3,31,49,84,31.9,30.03,1018.15,1,0
2022-11-02 15:12:03,897,230,-21,-91,6,-4,30,42,87,31.9,30.03,1018.15,1,0
2022-11-02 15:12:03,933,257,-93,-43,2,0,30,39,94,31.9,30.03,1018.15,1,0
2022-11-02 15:12:04,1054,33,-31,-8,6,7,27,35,96,31.9,30.03,1018.15,1,0
2022-11-02 15:12:04,1432,124,-128,-16,0,-11,26,32,102,31.9,30.03,1018.15,1,0
2022-11-02 15:12:04,655,-255,19,0,-6,-3,31,32,99,31.9,30.03,1018.15,1,0
2022-11-02 15:12:04,1253,68,19,2,-6,9,29,33,101,31.9,30.03,1018.15,1,0
2022-11-02 15:12:04,839,-60,-103,23,-17,5,29,31,100,31.9,30.03,1018.15,1,0
2022-11-02 15:12:04,880,15,-216,13,1,1,33,34,96,31.9,30.03,1018.15,1,0
2022-11-02 15:12:04,1323,-46,-171,6,-1,2,36,32,95,31.9,30.03,1018.13,1,0
2022-11-02 15:12:04,915,-341,0,-7,5,-1,35,34,97,31.9,30.03,1018.13,1,0
2022-11-02 15:12:04,1028,-9,138,0,15,2,39,31,95,31.9,30.03,1018.13,1,0
2022-11-02 15:12:04,960,62,31,-53,9,-17,37,33,93,31.9,30.03,1018.13,1,0
2022-11-02 15:12:05,923,177,-60,-38,15,-2,37,29,94,31.9,30.03,1018.13,1,0
2022-11-02 15:12:05,1046,81,-40,-39,0,13,37,26,100,31.9,30.03,1018.13,1,0
2022-11-02 15:12:05,1518,-31,-27,-25,-1,-10,35,21,94,31.9,30.03,1018.13,1,0
2022-11-02 15:12:05,761,-234,-48,-6,-12,-12,40,20,99,31.9,30.03,1018.13,1,0
2022-11-02 15:12:05,1157,72,-13,8,-12,9,38,20,93,31.9,30.03,1018.13,1,0
2022-11-02 15:12:05,831,-78,-99,20,-13,4,37,18,93,31.9,30.03,1018.13,1,0
2022-11-02 15:12:05,899,29,-187,3,-3,-7,42,20,86,31.9,30.04,1018.1,1,0
2022-11-02 15:12:05,1245,140,-318,-13,-17,0,41,22,91,31.9,30.04,1018.1,1,0
2022-11-02 15:12:05,858,-365,85,-18,-4,7,43,21,85,31.9,30.04,1018.1,1,0
2022-11-02 15:12:05,1145,-216,93,-36,19,4,41,20,83,31.9,30.04,1018.1,1,0
2022-11-02 15:12:06,880,271,1,-83,6,-13,40,16,84,31.9,30.04,1018.1,1,0
2022-11-02 15:12:06,919,130,-62,-38,13,9,40,16,83,31.9,30.04,1018.1,1,0
2022-11-02 15:12:06,1042,175,-44,-5,10,5,39,11,83,31.9,30.04,1018.1,1,0
2022-11-02 15:12:06,1391,3,-11,-27,-12,-10,37,7,79,31.9,30.04,1018.1,1,0
2022-11-02 15:12:06,743,-140,-85,0,-13,-4,36,7,82,31.9,30.04,1018.1,1,0
2022-11-02 15:12:06,1093,68,-15,63,-8,-1,36,6,79,31.9,30.04,1018.1,1,0
2022-11-02 15:12:06,880,-42,-68,56,-9,2,36,10,77,31.9,30.07,1018.16,1,0
2022-11-02 15:12:06,1032,76,-76,94,1,-1,35,12,77,31.9,30.07,1018.16,1,0
2022-11-02 15:12:06,1130,-37,-21,135,4,-9,35,16,73,31.9,30.07,1018.16,1,0
2022-11-02 15:12:06,958,33,251,118,16,2,33,20,72,31.9,30.07,1018.16,1,0
2022-11-02 15:12:07,942,171,322,141,31,12,32,24,76,31.9,30.07,1018.16,1,0
2022-11-02 15:12:07,1028,236,201,146,0,7,31,27,69,31.9,30.07,1018.16,1,0
2022-11-02 15:12:07,972,284,220,158,-17,18,31,32,69,31.9,30.07,1018.16,1,0
2022-11-02 15:12:07,1020,169,320,178,-16,13,33,35,61,31.9,30.07,1018.16,1,0
2022-11-02 15:12:07,1083,-292,363,155,6,-6,33,35,48,31.9,30.07,1018.16,1,0
2022-11-02 15:12:07,1315,99,-144,77,0,13,34,34,44,31.9,30.07,1018.16,1,0
2022-11-02 15:12:07,804,60,-111,124,-20,4,34,34,43,31.8,30.08,1018.16,1,0
2022-11-02 15:12:07,989,-117,-85,114,-16,3,36,30,33,31.8,30.08,1018.16,1,0
2022-11-02 15:12:07,911,72,-175,64,-9,-1,41,26,29,31.8,30.08,1018.16,1,0
2022-11-02 15:12:07,1229,-74,-117,63,-8,-9,35,23,21,31.8,30.08,1018.16,1,0
2022-11-02 15:12:08,757,-212,-21,-4,-22,-5,36,21,20,31.8,30.08,1018.16,1,0
2022-11-02 15:12:08,1067,-15,253,49,27,2,36,17,19,31.8,30.08,1018.16,1,0
2022-11-02 15:12:08,1034,124,48,-16,3,-22,36,17,17,31.8,30.08,1018.16,1,0
2022-11-02 15:12:08,911,171,-19,29,19,-1,39,18,17,31.8,30.08,1018.16,1,0
2022-11-02 15:12:08,1061,23,44,8,5,11,36,17,16,31.8,30.08,1018.16,1,0
2022-11-02 15:12:08,1134,204,-5,-1,-16,-1,39,17,16,31.8,30.08,1018.16,1,0
2022-11-02 15:12:08,933,60,300,30,-3,-9,41,13,14,31.9,30.11,1018.13,1,0
2022-11-02 15:12:08,1093,171,-42,52,-18,17,40,19,12,31.9,30.11,1018.13,1,0
2022-11-02 15:12:08,972,-152,23,107,-26,-5,37,14,5,31.9,30.11,1018.13,1,0
2022-11-02 15:12:08,919,91,-97,78,-5,-1,36,3,7,31.9,30.11,1018.13,1,0
2022-11-02 15:12:09,995,-146,-74,40,5,-2,34,2,4,31.9,30.11,1018.13,1,0
2022-11-02 15:12:09,1323,238,-169,39,-23,-16,32,-1,2,31.9,30.11,1018.13,1,0
2022-11-02 15:12:09,823,-162,78,40,8,-5,32,-9,1,31.9,30.11,1018.13,1,0
2022-11-02 15:12:09,1182,-206,70,41,18,4,31,-12,3,31.9,30.11,1018.13,1,0
2022-11-02 15:12:09,864,249,-15,14,13,-25,31,-14,4,31.9,30.11,1018.13,1,0
2022-11-02 15:12:09,954,93,-21,28,16,1,32,-13,3,31.9,30.11,1018.13,1,0
2022-11-02 15:12:09,1102,99,-11,3,0,6,34,-19,11,31.9,30.1,1018.15,1,0
2022-11-02 15:12:09,1438,62,173,5,4,-7,34,-16,17,31.9,30.1,1018.15,1,0
2022-11-02 15:12:09,685,-80,-85,26,-18,3,35,-17,11,31.9,30.1,1018.15,1,0
2022-11-02 15:12:09,1149,-19,17,63,-8,0,37,-19,6,31.9,30.1,1018.15,1,0
2022-11-02 15:12:10,866,27,-91,58,-18,4,34,-19,13,31.9,30.1,1018.15,1,0
2022-11-02 15:12:10,862,-17,-109,39,1,-7,32,-26,12,31.9,30.1,1018.15,1,0
2022-11-02 15:12:10,1298,197,-206,10,-4,-8,30,-29,18,31.9,30.1,1018.15,1,0
2022-11-02 15:12:10,813,-181,27,7,0,4,32,-33,15,31.9,30.1,1018.15,1,0
2022-11-02 15:12:10,1110,-240,39,-13,15,3,28,-33,20,31.9,30.1,1018.15,1,0
2022-11-02 15:12:10,917,175,44,-55,11,-16,33,-35,22,31.9,30.1,1018.15,1,0
2022-11-02 15:12:10,936,111,-60,-40,12,6,35,-29,19,31.9,30.12,1018.09,1,0
2022-11-02 15:12:10,1020,140,-23,-28,1,-5,34,-26,15,31.9,30.12,1018.09,1,0
2022-11-02 15:12:10,1489,-148,132,-28,2,-9,34,-25,11,31.9,30.12,1018.09,1,0
2022-11-02 15:12:10,802,-165,-85,-57,-14,1,35,-24,9,31.9,30.12,1018.09,1,0
2022-11-02 15:12:11,993,31,-76,-28,-6,0,35,-16,6,31.9,30.12,1018.09,1,0
2022-11-02 15:12:11,917,-115,-111,-41,-8,2,35,-14,4,31.9,30.12,1018.09,1,0
2022-11-02 15:12:11,948,72,-189,-36,3,-9,34,-10,6,31.9,30.12,1018.09,1,0
2022-11-02 15:12:11,1508,-160,-46,-30,-4,6,32,-9,4,31.9,30.12,1018.09,1,0
2022-11-02 15:12:11,585,46,74,-58,5,-9,34,0,0,31.9,30.12,1018.09,1,0
2022-11-02 15:12:11,1151,-245,119,-102,6,-6,31,2,4,31.9,30.12,1018.09,1,0
2022-11-02 15:12:11,884,242,42,-123,0,-1,32,6,2,31.9,30.12,1018.06,1,0
2022-11-02 15:12:11,989,183,-48,-97,-6,15,34,16,1,31.9,30.12,1018.06,1,0
2022-11-02 15:12:11,999,-29,-21,-45,5,-6,33,26,1,31.9,30.12,1018.06,1,0
2022-11-02 15:12:11,1374,-163,48,-115,-1,1,32,28,5,31.9,30.12,1018.06,1,0
2022-11-02 15:12:12,630,-162,111,-117,4,8,33,40,8,31.9,30.12,1018.06,1,0
2022-11-02 15:12:12,1167,-56,5,-86,5,5,32,44,11,31.9,30.12,1018.06,1,0
2022-11-02 15:12:12,892,-162,-95,-91,-3,6,34,50,23,31.9,30.12,1018.06,1,0
2022-11-02 15:12:12,927,-44,-187,-76,3,-9,33,49,25,31.9,30.12,1018.06,1,0
2022-11-02 15:12:12,1491,-226,-52,-68,-6,5,35,57,27,31.9,30.12,1018.06,1,0
2022-11-02 15:12:12,888,-3,181,-56,12,-15,33,59,40,31.9,30.12,1018.06,1,0
2022-11-02 15:12:12,1114,-154,111,-97,7,-10,30,61,45,31.9,30.13,1018.16,1,0
2022-11-02 15:12:12,851,42,87,-102,6,-17,31,62,47,31.9,30.13,1018.16,1,0
2022-11-02 15:12:12,972,126,17,-110,7,-8,29,65,57,31.9,30.13,1018.16,1,0
2022-11-02 15:12:12,970,294,-80,-37,-6,5,28,62,65,31.9,30.13,1018.16,1,0
2022-11-02 15:12:13,1153,-42,-126,-56,-9,2,27,60,73,31.9,30.13,1018.16,1,0
2022-11-02 15:12:13,1016,-162,316,-71,-5,-8,27,59,80,31.9,30.13,1018.16,1,0
2022-11-02 15:12:13,1194,124,-21,-63,-7,12,27,54,85,31.9,30.13,1018.16,1,0
2022-11-02 15:12:13,792,-64,-128,-28,-15,9,27,51,87,31.9,30.13,1018.16,1,0
2022-11-02 15:12:13,942,-64,-197,-36,0,9,27,48,87,31.9,30.13,1018.16,1,0
2022-11-02 15:12:13,1095,-132,-146,-12,1,5,30,45,89,31.9,30.13,1018.16,1,0
2022-11-02 15:12:13,1241,-124,-17,2,-12,6,29,44,87,31.8,30.15,1018.13,1,0
2022-11-02 15:12:13,700,218,152,-12,2,-10,32,44,88,31.8,30.15,1018.13,1,0
2022-11-02 15:12:13,1013,-160,-19,-44,13,-18,31,40,90,31.8,30.15,1018.13,1,0
2022-11-02 15:12:13,851,181,-23,-35,6,-6,31,41,95,31.8,30.15,1018.13,1,0
2022-11-02 15:12:14,935,124,-25,-36,8,11,31,35,95,31.8,30.15,1018.13,1,0
2022-11-02 15:12:14,1106,163,-70,-29,7,1,30,32,99,31.8,30.15,1018.13,1,0
2022-11-02 15:12:14,1383,3,347,-30,9,-11,34,34,100,31.8,30.15,1018.13,1,0
2022-11-02 15:12:14,821,-23,-70,-35,-20,12,33,29,101,31.8,30.15,1018.13,1,0
2022-11-02 15:12:14,911,19,-142,16,-17,-3,33,28,95,31.8,30.15,1018.13,1,0
2022-11-02 15:12:14,876,-48,-142,12,-6,6,34,24,94,31.8,30.15,1018.13,1,0
2022-11-02 15:12:14,1015,-87,-107,8,10,-4,36,25,96,31.8,30.16,1018.15,1,0
2022-11-02 15:12:14,1491,109,-124,-2,-26,7,36,27,94,31.8,30.16,1018.15,1,0
2022-11-02 15:12:14,587,5,1,-23,2,-7,38,25,94,31.8,30.16,1018.15,1,0
2022-11-02 15:12:14,1132,-185,-5,-45,6,-5,39,26,91,31.8,30.16,1018.15,1,0
2022-11-02 15:12:15,841,162,23,-49,8,-12,41,25,85,31.8,30.16,1018.15,1,0
2022-11-02 15:12:15,946,210,-52,-31,10,5,42,20,90,31.8,30.16,1018.15,1,0
2022-11-02 15:12:15,1085,103,-15,-18,2,5,40,20,90,31.8,30.16,1018.15,1,0
2022-11-02 15:12:15,1344,-13,97,-28,2,-7,41,15,92,31.8,30.16,1018.15,1,0
2022-11-02 15:12:15,771,-220,-21,-29,-3,-2,41,16,89,31.8,30.16,1018.15,1,0
2022-11-02 15:12:15,1093,40,-33,-13,-12,6,39,14,90,31.8,30.16,1018.15,1,0
2022-11-02 15:12:15,868,-78,-74,-16,-4,5,38,10,88,31.8,30.17,1018.16,1,0
2022-11-02 15:12:15,927,52,-163,-11,-2,-5,40,7,84,31.8,30.17,1018.16,1,0
2022-11-02 15:12:15,1208,-9,-214,-15,-7,1,37,10,82,31.8,30.17,1018.16,1,0
2022-11-02 15:12:15,1042,-197,39,-35,-3,5,38,6,79,31.8,30.17,1018.16,1,0
2022-11-02 15:12:16,1001,44,189,-27,13,-2,38,3,79,31.8,30.17,1018.16,1,0
2022-11-02 15:12:16,1007,-111,117,-90,6,-3,37,5,75,31.8,30.17,1018.16,1,0
2022-11-02 15:12:16,1003,68,101,-102,10,7,36,0,72,31.8,30.17,1018.16,1,0
2022-11-02 15:12:16,1022,-50,111,-127,-1,19,33,0,71,31.8,30.17,1018.16,1,0
2022-11-02 15:12:16,1024,-39,148,-139,-5,8,31,-6,70,31.8,30.17,1018.16,1,0
2022-11-02 15:12:16,1067,-99,74,-157,6,17,33,-12,61,31.8,30.17,1018.16,1,0
2022-11-02 15:12:16,989,-210,62,-138,27,18,31,-15,53,31.8,30.21,1018.13,1,0
2022-11-02 15:12:16,1001,-181,21,-136,21,13,31,-18,50,31.8,30.21,1018.13,1,0
2022-11-02 15:12:16,960,-156,-3,-154,22,1,30,-23,44,31.8,30.21,1018.13,1,0
2022-11-02 15:12:16,1016,-68,-54,-146,14,-6,30,-17,43,31.8,30.21,1018.13,1,0
2022-11-02 15:12:16,1011,-95,-162,-95,8,-11,33,-12,30,31.8,30.21,1018.13,1,0
2022-11-02 15:12:17,1067,-93,-144,-68,1,-12,32,-12,26,31.8,30.21,1018.13,1,0
2022-11-02 15:12:17,1001,-33,-81,-71,-2,-12,31,-5,28,31.8,30.21,1018.13,1,0
2022-11-02 15:12:17,936,-17,220,-74,24,-11,34,-3,22,31.8,30.21,1018.13,1,0
2022-11-02 15:12:17,1007,111,62,-85,16,-17,38,2,24,31.8,30.21,1018.13,1,0
2022-11-02 15:12:17,974,107,7,-87,9,-7,38,6,19,31.8,30.21,1018.13,1,0
2022-11-02 15:12:17,960,185,-78,-62,-2,1,37,11,14,31.8,30.2,1018.09,1,0
2022-11-02 15:12:17,1081,46,-21,-43,0,1,41,17,20,31.8,30.2,1018.09,1,0
2022-11-02 15:12:17,1317,54,232,-24,18,-5,39,17,24,31.8,30.2,1018.09,1,0
2022-11-02 15:12:17,802,-167,-70,-55,-19,8,40,21,20,31.8,30.2,1018.09,1,0
2022-11-02 15:12:17,1075,-44,5,-34,-9,-2,39,25,17,31.8,30.2,1018.09,1,0
2022-11-02 15:12:18,851,-62,-140,-30,-14,10,41,27,17,31.8,30.2,1018.09,1,0
2022-11-02 15:12:18,911,33,-191,-10,0,0,41,26,17,31.8,30.2,1018.09,1,0
2022-11-02 15:12:18,1301,-162,-296,-4,-7,0,39,30,13,31.8,30.2,1018.09,1,0
2022-11-02 15:12:18,901,-273,52,-31,4,-3,37,28,10,31.8,30.2,1018.09,1,0
2022-11-02 15:12:18,1063,0,222,-18,15,1,34,30,11,31.8,30.2,1018.09,1,0
2022-11-02 15:12:18,960,85,40,-53,6,-22,36,33,17,31.8,30.22,1018.16,1,0
2022-11-02 15:12:18,962,124,-21,-46,15,0,32,39,14,31.8,30.22,1018.16,1,0
2022-11-02 15:12:18,1001,169,-23,-17,3,12,31,43,19,31.8,30.22,1018.16,1,0
2022-11-02 15:12:18,1259,103,-101,-16,-6,-14,30,43,20,31.8,30.22,1018.16,1,0
2022-11-02 15:12:18,823,-162,124,0,-2,-13,28,48,20,31.8,30.22,1018.16,1,0
2022-11-02 15:12:19,1145,89,35,8,-7,14,26,49,13,31.8,30.22,1018.16,1,0
2022-11-02 15:12:19,899,-144,-111,41,-12,3,23,50,17,31.8,30.22,1018.16,1,0
2022-11-02 15:12:19,854,-9,-138,22,-6,-1,22,50,13,31.8,30.22,1018.16,1,0
2022-11-02 15:12:19,1124,-136,-199,17,-1,5,20,46,17,31.8,30.22,1018.16,1,0
2022-11-02 15:12:19,1456,-208,134,22,4,8,19,41,10,31.8,30.22,1018.16,1,0
2022-11-02 15:12:19,798,244,146,27,9,-9,17,45,16,31.8,30.22,1018.16,1,0
2022-11-02 15:12:19,1011,-83,21,-9,18,-18,13,44,10,31.8,30.22,1018.16,1,0
2022-11-02 15:12:19,894,162,-27,-1,16,-1,12,44,14,31.8,30.22,1018.16,1,0
2022-11-02 15:12:19,1030,83,9,-14,4,15,15,45,9,31.8,30.22,1018.16,1,0
2022-11-02 15:12:19,1387,62,-40,-15,-10,-13,16,45,16,31.8,30.22,1018.16,1,0
2022-11-02 15:12:20,708,-132,54,8,-5,-14,14,46,15,31.8,30.22,1018.16,1,0
2022-11-02 15:12:20,1206,27,54,7,1,14,11,47,18,31.8,30.22,1018.16,1,0
2022-11-02 15:12:20,847,-19,-74,29,-16,0,15,48,15,31.8,30.22,1018.16,1,0
2022-11-02 15:12:20,936,-9,-134,36,5,0,13,42,14,31.8,30.22,1018.16,1,0
2022-11-02 15:12:20,1149,-21,-220,22,-22,0,12,38,14,31.8,30.22,1018.16,1,0
2022-11-02 15:12:20,940,-171,154,21,-3,-2,10,39,17,31.8,30.25,1018.13,1,0
2022-11-02 15:12:20,1083,-48,101,27,22,9,8,38,16,31.8,30.25,1018.13,1,0
2022-11-02 15:12:20,942,158,35,14,6,-9,7,34,12,31.8,30.25,1018.13,1,0
2022-11-02 15:12:20,942,152,-23,28,0,5,9,36,13,31.8,30.25,1018.13,1,0
2022-11-02 15:12:20,989,-37,-17,27,-6,8,7,34,11,31.8,30.25,1018.13,1,0
2022-11-02 15:12:21,1483,134,300,4,1,-12,7,33,13,31.8,30.25,1018.13,1,0
2022-11-02 15:12:21,851,175,-128,68,-19,6,6,35,10,31.8,30.25,1018.13,1,0
2022-11-02 15:12:21,977,-144,29,136,-14,-5,2,35,9,31.8,30.25,1018.13,1,0
2022-11-02 15:12:21,960,93,35,132,-6,-2,2,26,2,31.8,30.25,1018.13,1,0
2022-11-02 15:12:21,1028,-158,89,141,15,-9,2,15,-1,31.8,30.25,1018.13,1,0
2022-11-02 15:12:21,1054,-17,263,139,28,0,2,3,-3,31.8,30.26,1018.15,1,0
2022-11-02 15:12:21,1046,132,142,133,4,9,3,-11,1,31.8,30.26,1018.15,1,0
2022-11-02 15:12:21,936,181,224,144,-3,4,3,-22,9,31.8,30.26,1018.15,1,0
2022-11-02 15:12:21,1036,80,195,125,-10,7,5,-33,19,31.8,30.26,1018.15,1,0
2022-11-02 15:12:21,956,222,167,98,0,4,4,-39,23,31.8,30.26,1018.15,1,0
2022-11-02 15:12:22,1108,-46,314,70,12,1,6,-38,41,31.8,30.26,1018.15,1,0
2022-11-02 15:12:22,1305,-179,74,52,-7,8,3,-39,43,31.8,30.26,1018.15,1,0
2022-11-02 15:12:22,1079,-35,-23,75,-24,19,2,-38,48,31.8,30.26,1018.15,1,0
2022-11-02 15:12:22,874,-11,-23,65,-26,14,2,-39,57,31.8,30.26,1018.15,1,0
2022-11-02 15:12:22,921,-48,-152,64,-19,0,2,-36,59,31.8,30.26,1018.15,1,0
2022-11-02 15:12:22,1040,17,-136,62,-14,-7,3,-34,65,31.8,30.26,1018.12,1,0
2022-11-02 15:12:22,1606,-60,-48,35,-17,18,6,-30,72,31.8,30.26,1018.12,1,0
2022-11-02 15:12:22,573,39,-105,32,0,-17,7,-28,78,31.8,30.26,1018.12,1,0
2022-11-02 15:12:22,1147,-160,111,35,0,-6,6,-27,72,31.8,30.26,1018.12,1,0
2022-11-02 15:12:22,827,60,85,34,20,-20,5,-26,81,31.8,30.26,1018.12,1,0
2022-11-02 15:12:23,1018,81,3,10,12,-5,9,-23,83,31.8,30.26,1018.12,1,0
2022-11-02 15:12:23,1081,138,-1,-26,-5,-7,9,-19,89,31.8,30.26,1018.12,1,0
2022-11-02 15:12:23,1464,-33,80,-8,-9,-3,7,-21,96,31.8,30.26,1018.12,1,0
2022-11-02 15:12:23,847,-263,-46,5,-4,-8,12,-22,88,31.8,30.26,1018.12,1,0
2022-11-02 15:12:23,997,54,-62,32,-14,6,11,-20,84,31.8,30.26,1018.12,1,0
2022-11-02 15:12:23,903,-78,-42,22,-12,4,13,-20,93,31.8,30.27,1018.18,1,0
2022-11-02 15:12:23,835,56,-181,24,-3,-8,16,-17,91,31.8,30.27,1018.18,1,0
2022-11-02 15:12:23,1182,-27,-230,8,3,-3,16,-15,89,31.8,30.27,1018.18,1,0
2022-11-02 15:12:23,1026,-378,-21,-13,-2,6,17,-17,93,31.8,30.27,1018.18,1,0
2022-11-02 15:12:23,991,-138,165,-27,19,2,19,-17,93,31.8,30.27,1018.18,1,0
2022-11-02 15:12:24,977,158,50,-86,-4,-18,20,-13,92,31.8,30.27,1018.18,1,0
2022-11-02 15:12:24,938,115,-97,-56,11,3,19,-19,86,31.8,30.27,1018.18,1,0
2022-11-02 15:12:24,993,126,-60,-57,-1,12,20,-24,88,31.8,30.27,1018.18,1,0
2022-11-02 15:12:24,1278,-126,-132,-35,0,-22,20,-26,81,31.8,30.27,1018.18,1,0
2022-11-02 15:12:24,792,-345,189,-55,7,1,22,-26,84,31.8,30.27,1018.18,1,0
2022-11-02 15:12:24,1278,-7,-9,-68,1,19,23,-28,76,31.8,30.27,1018.18,1,0
2022-11-02 15:12:24,868,-87,-115,-45,-3,7,24,-35,76,31.8,30.29,1018.08,1,0
2022-11-02 15:12:24,915,9,-228,-41,-3,2,25,-39,69,31.8,30.29,1018.08,1,0
2022-11-02 15:12:24,1264,-107,-195,-20,-1,-6,24,-38,68,31.8,30.29,1018.08,1,0
2022-11-02 15:12:24,776,-197,-19,-63,-4,-8,30,-38,59,31.8,30.29,1018.08,1,0
2022-11-02 15:12:25,1200,-179,230,-66,12,0,30,-40,57,31.8,30.29,1018.08,1,0
2022-11-02 15:12:25,1011,175,42,-100,5,-17,30,-38,55,31.8,30.29,1018.08,1,0
2022-11-02 15:12:25,925,68,5,-67,14,-3,33,-35,45,31.8,30.29,1018.08,1,0
2022-11-02 15:12:25,999,185,-72,-45,-9,10,34,-34,40,31.8,30.29,1018.08,1,0
2022-11-02 15:12:25,1190,72,-132,-36,-3,-10,36,-32,40,31.8,30.29,1018.08,1,0
2022-11-02 15:12:25,999,-158,298,-33,14,-15,38,-30,31,31.8,30.29,1018.08,1,0
2022-11-02 15:12:25,1173,183,-29,-74,0,25,38,-30,27,31.8,30.29,1018.12,1,0
2022-11-02 15:12:25,829,-66,-128,0,-12,4,37,-28,28,31.8,30.29,1018.12,1,0
2022-11-02 15:12:25,970,-13,-171,-1,-12,3,39,-27,27,31.8,30.29,1018.12,1,0
2022-11-02 15:12:25,1093,-214,-144,-10,-5,13,35,-27,21,31.8,30.29,1018.12,1,0
2022-11-02 15:12:26,1387,-162,56,-9,-3,12,35,-29,17,31.8,30.29,1018.12,1,0
2022-11-02 15:12:26,776,199,107,-17,3,-1,35,-28,17,31.8,30.29,1018.12,1,0
2022-11-02 15:12:26,1024,-189,-21,-43,9,-8,31,-28,15,31.8,30.29,1018.12,1,0
2022-11-02 15:12:26,868,238,-60,-29,6,-10,32,-27,16,31.8,30.29,1018.12,1,0
2022-11-02 15:12:26,917,160,-46,-23,9,10,32,-23,17,31.8,30.29,1018.12,1,0
2022-11-02 15:12:26,1063,121,-58,-10,6,2,33,-23,11,31.8,30.29,1018.12,1,0
2022-11-02 15:12:26,1407,27,203,-3,8,-13,31,-22,11,31.8,30.31,1018.2,1,0
2022-11-02 15:12:26,671,-160,-54,-10,-16,0,35,-22,14,31.8,30.31,1018.2,1,0
2022-11-02 15:12:26,1034,50,-89,21,-10,-2,33,-23,12,31.8,30.31,1018.2,1,0
2022-11-02 15:12:26,917,-25,-150,25,-5,17,33,-22,10,31.8,30.31,1018.2,1,0
2022-11-02 15:12:27,823,68,-138,23,0,-10,31,-25,8,31.8,30.31,1018.2,1,0
2022-11-02 15:12:27,1245,74,-218,3,-6,-2,33,-26,12,31.8,30.31,1018.2,1,0
2022-11-02 15:12:27,1167,-384,3,11,6,3,33,-28,15,31.8,30.31,1018.2,1,0
2022-11-02 15:12:27,1020,-132,117,-17,7,4,32,-27,8,31.8,30.31,1018.2,1,0
2022-11-02 15:12:27,958,3,74,-78,3,-20,34,-25,10,31.8,30.31,1018.2,1,0
2022-11-02 15:12:27,1015,72,-23,-89,10,7,32,-19,9,31.8,30.31,1018.2,1,0
2022-11-02 15:12:27,964,93,-39,-71,-6,15,35,-12,3,31.8,30.31,1018.09,1,0
2022-11-02 15:12:27,1182,-165,-124,-64,-6,-4,34,-4,2,31.8,30.31,1018.09,1,0
2022-11-02 15:12:27,851,-327,204,-78,19,-8,32,-2,1,31.8,30.31,1018.09,1,0
2022-11-02 15:12:27,1243,-13,-48,-102,2,18,31,4,5,31.8,30.31,1018.09,1,0
2022-11-02 15:12:28,876,-115,-95,-68,0,9,32,11,3,31.8,30.31,1018.09,1,0
2022-11-02 15:12:28,897,-99,-183,-61,0,-4,33,17,1,31.8,30.31,1018.09,1,0
2022-11-02 15:12:28,1157,-142,-138,-54,6,-13,33,26,3,31.8,30.31,1018.09,1,0
2022-11-02 15:12:28,1079,-335,124,-70,6,-10,31,27,6,31.8,30.31,1018.09,1,0
2022-11-02 15:12:28,1093,-19,216,-89,5,-6,30,31,7,31.8,30.31,1018.09,1,0
2022-11-02 15:12:28,958,42,136,-129,-4,-12,32,39,6,31.8,30.31,1018.09,1,0
2022-11-02 15:12:28,1038,56,-1,-143,8,10,29,47,16,31.8,30.83,1018.19,1,0
2022-11-02 15:12:28,987,300,39,-82,2,12,32,53,24,31.8,30.83,1018.19,1,0
2022-11-02 15:12:28,976,-163,-165,-61,-10,-7,30,56,32,31.8,30.83,1018.19,1,0
2022-11-02 15:12:28,1319,-81,290,-96,20,-4,30,62,40,31.8,30.83,1018.19,1,0
2022-11-02 15:12:29,923,-27,5,-112,1,9,31,64,43,31.8,30.83,1018.19,1,0
2022-11-02 15:12:29,1030,11,-31,-96,-5,-1,30,63,50,31.8,30.83,1018.19,1,0
2022-11-02 15:12:29,858,-3,-148,-76,-8,1,32,62,65,31.8,30.83,1018.19,1,0
2022-11-02 15:12:29,1063,40,-245,-45,-5,-1,31,60,70,31.8,30.83,1018.19,1,0
2022-11-02 15:12:29,1387,-160,-89,-38,-4,17,31,57,72,31.8,30.83,1018.19,1,0
2022-11-02 15:12:29,708,-119,93,-49,2,-15,33,55,75,31.8,30.83,1018.19,1,0
2022-11-02 15:12:29,1149,-115,177,-54,6,-1,29,51,83,31.8,30.35,1018.14,1,0
2022-11-02 15:12:29,935,99,35,-67,7,-16,29,48,79,31.8,30.35,1018.14,1,0
2022-11-02 15:12:29,987,148,-23,-69,10,-3,28,45,88,31.8,30.35,1018.14,1,0
2022-11-02 15:12:29,981,212,-37,-34,1,8,28,42,97,31.8,30.35,1018.14,1,0
2022-11-02 15:12:30,1130,13,-167,-32,-7,-3,28,39,99,31.8,30.35,1018.14,1,0
2022-11-02 15:12:30,1098,-81,351,-18,-1,-9,26,36,96,31.8,30.35,1018.14,1,0
2022-11-02 15:12:30,1126,80,-21,-18,-7,14,27,36,99,31.8,30.35,1018.14,1,0
2022-11-02 15:12:30,927,-93,-58,12,-13,9,29,31,99,31.8,30.35,1018.14,1,0
2022-11-02 15:12:30,849,-101,-144,4,-6,0,32,29,93,31.8,30.35,1018.14,1,0
2022-11-02 15:12:30,1063,-64,-148,-8,-4,1,33,32,95,31.8,30.35,1018.14,1,0
2022-11-02 15:12:30,1403,37,-105,10,-14,11,33,32,96,31.8,30.36,1018.15,1,0
2022-11-02 15:12:30,622,107,56,-20,6,-5,38,31,99,31.8,30.36,1018.15,1,0
2022-11-02 15:12:30,1110,-181,9,0,14,-1,37,27,91,31.8,30.36,1018.15,1,0
2022-11-02 15:12:30,841,189,-17,-18,2,-11,39,27,96,31.8,30.36,1018.15,1,0
2022-11-02 15:12:31,964,107,-19,-9,12,9,36,28,99,31.8,30.36,1018.15,1,0
2022-11-02 15:12:31,1095,163,-25,-13,-5,-3,36,26,96,31.8,30.36,1018.15,1,0
2022-11-02 15:12:31,1368,-68,304,7,12,-15,36,24,95,31.8,30.36,1018.15,1,0
2022-11-02 15:12:31,743,-158,-105,-8,-13,11,39,28,95,31.8,30.36,1018.15,1,0
2022-11-02 15:12:31,999,-21,-46,26,-11,0,39,26,89,31.8,30.36,1018.15,1,0
2022-11-02 15:12:31,862,-134,-91,9,-10,4,39,25,93,31.8,30.36,1018.15,1,0
2022-11-02 15:12:31,993,-11,-138,-1,3,-8,43,23,89,31.8,30.38,1018.18,1,0
2022-11-02 15:12:31,1413,56,-195,-6,-17,4,43,28,89,31.8,30.38,1018.18,1,0
2022-11-02 15:12:31,755,-169,173,-26,2,-1,40,20,83,31.8,30.38,1018.18,1,0
2022-11-02 15:12:31,1155,-208,68,-58,14,1,40,26,82,31.8,30.38,1018.18,1,0
2022-11-02 15:12:32,858,195,13,-86,2,-11,41,20,80,31.8,30.38,1018.18,1,0
2022-11-02 15:12:32,966,146,-46,-55,7,6,40,17,84,31.8,30.38,1018.18,1,0
2022-11-02 15:12:32,1059,126,9,-25,5,4,39,14,84,31.8,30.38,1018.18,1,0
2022-11-02 15:12:32,1280,-138,19,-44,0,-1,39,10,83,31.8,30.38,1018.18,1,0
2022-11-02 15:12:32,821,-156,-25,-39,-3,4,34,8,85,31.8,30.38,1018.18,1,0
2022-11-02 15:12:32,1095,-17,-29,-2,-10,0,34,4,78,31.8,30.38,1018.18,1,0
2022-11-02 15:12:32,815,-70,-128,-16,-15,1,36,2,76,31.8,30.39,1018.14,1,0
2022-11-02 15:12:32,964,19,-206,-15,0,-10,35,2,76,31.8,30.39,1018.14,1,0
2022-11-02 15:12:32,1510,66,-76,-33,-20,11,37,2,75,31.8,30.39,1018.14,1,0
2022-11-02 15:12:32,716,-179,5,-53,-1,-1,36,0,79,31.8,30.39,1018.14,1,0
2022-11-02 15:12:33,1167,-181,273,-86,22,14,35,0,70,31.8,30.39,1018.14,1,0
2022-11-02 15:12:33,970,-50,171,-127,7,-2,35,0,70,31.8,30.39,1018.14,1,0
2022-11-02 15:12:33,1005,46,44,-142,5,21,33,-5,69,31.8,30.39,1018.14,1,0
2022-11-02 15:12:33,1022,-119,226,-133,17,19,32,-9,64,31.8,30.39,1018.14,1,0
2022-11-02 15:12:33,1032,-66,-48,-132,21,12,29,-17,57,31.8,30.39,1018.14,1,0
2022-11-02 15:12:33,1020,-167,9,-114,23,3,28,-17,55,31.8,30.39,1018.14,1,0
2022-11-02 15:12:33,954,-111,-54,-134,9,-8,27,-17,50,31.8,30.39,1018.15,1,0
2022-11-02 15:12:33,972,-128,-91,-124,15,-18,31,-18,40,31.8,30.39,1018.15,1,0
2022-11-02 15:12:33,1052,-160,-121,-100,0,-16,32,-15,38,31.8,30.39,1018.15,1,0
2022-11-02 15:12:33,1081,-162,-152,-106,-18,-11,33,-11,32,31.8,30.39,1018.15,1,0
2022-11-02 15:12:34,919,-83,292,-93,21,-19,33,-6,31,31.8,30.39,1018.15,1,0
2022-11-02 15:12:34,1073,101,177,-143,14,-12,34,-3,26,31.8,30.39,1018.15,1,0
2022-11-02 15:12:34,933,50,25,-121,7,-9,35,0,22,31.8,30.39,1018.15,1,0
2022-11-02 15:12:34,987,259,-23,-106,-1,-7,37,10,24,31.8,30.39,1018.15,1,0
2022-11-02 15:12:34,987,169,-21,-50,2,0,39,17,20,31.8,30.39,1018.15,1,0
2022-11-02 15:12:34,1110,68,-162,-61,-10,-6,38,19,23,31.8,30.39,1018.15,1,0
2022-11-02 15:12:34,917,-275,294,-55,12,-12,36,22,22,31.8,30.4,1018.14,1,0
2022-11-02 15:12:34,1200,142,-9,-60,-4,16,38,26,22,31.8,30.4,1018.14,1,0
2022-11-02 15:12:34,958,-119,-21,-4,-7,5,40,28,26,31.8,30.4,1018.14,1,0
2022-11-02 15:12:34,894,-44,-103,-22,-7,5,37,28,16,31.8,30.4,1018.14,1,0
2022-11-02 15:12:35,1001,35,-189,0,-8,-10,38,28,21,31.8,30.4,1018.14,1,0
2022-11-02 15:12:35,1344,31,-124,4,-16,14,37,33,14,31.8,30.4,1018.14,1,0
2022-11-02 15:12:35,653,83,21,13,-1,-12,35,32,13,31.8,30.4,1018.14,1,0
2022-11-02 15:12:35,1179,-162,91,18,6,1,34,33,8,31.8,30.4,1018.14,1,0
2022-11-02 15:12:35,874,128,56,6,-2,-17,35,31,13,31.8,30.4,1018.14,1,0
2022-11-02 15:12:35,983,103,-21,-16,11,5,31,35,16,31.8,30.4,1018.14,1,0
2022-11-02 15:12:35,1001,19,31,-37,9,12,34,34,8,31.8,30.42,1018.18,1,0
2022-11-02 15:12:35,1446,130,-17,-54,-16,-6,32,34,13,31.8,30.42,1018.18,1,0
2022-11-02 15:12:35,691,-78,17,-7,-20,-2,32,38,15,31.8,30.42,1018.18,1,0
2022-11-02 15:12:35,1241,46,17,36,0,14,29,41,11,31.8,30.42,1018.18,1,0
2022-11-02 15:12:36,864,-80,-68,31,-12,9,29,43,11,31.8,30.42,1018.18,1,0
2022-11-02 15:12:36,862,-111,-119,-5,-5,-1,24,37,9,31.8,30.42,1018.18,1,0
2022-11-02 15:12:36,1214,111,-208,-23,-17,4,20,38,6,31.8,30.42,1018.18,1,0
2022-11-02 15:12:36,1013,-437,80,-9,-5,7,21,40,6,31.8,30.42,1018.18,1,0
2022-11-02 15:12:36,1083,-91,-5,-12,4,-3,17,41,4,31.8,30.42,1018.18,1,0
2022-11-02 15:12:36,878,244,-25,-38,8,-23,16,40,6,31.8,30.42,1018.18,1,0
2022-11-02 15:12:36,954,160,-99,13,15,-2,14,45,14,31.8,30.43,1018.16,1,0
2022-11-02 15:12:36,1083,158,-11,17,4,-2,12,42,12,31.8,30.43,1018.16,1,0
2022-11-02 15:12:36,1276,-124,181,-9,0,-16,14,44,16,31.8,30.43,1018.16,1,0
2022-11-02 15:12:36,1149,87,-144,-26,-6,5,12,46,11,31.8,30.43,1018.16,1,0
2022-11-02 15:12:37,806,48,-195,49,-22,2,9,46,17,31.8,30.43,1018.16,1,0
2022-11-02 15:12:37,933,-52,-185,24,0,0,9,47,14,31.8,30.43,1018.16,1,0
2022-11-02 15:12:37,1208,-138,-44,10,5,2,8,47,10,31.8,30.43,1018.16,1,0
2022-11-02 15:12:37,1112,-224,25,19,-18,19,10,41,7,31.8,30.43,1018.16,1,0
2022-11-02 15:12:37,749,462,134,50,26,-2,9,40,6,31.8,30.43,1018.16,1,0
2022-11-02 15:12:37,1020,-162,-19,6,25,-6,8,38,13,31.8,30.43,1018.16,1,0
2022-11-02 15:12:37,862,308,-78,9,9,-7,11,36,10,31.8,30.45,1018.19,1,0
2022-11-02 15:12:37,1063,5,11,-6,1,19,10,36,14,31.8,30.45,1018.19,1,0
2022-11-02 15:12:37,1149,-7,-78,-19,-4,-16,11,37,11,31.8,30.45,1018.19,1,0
2022-11-02 15:12:37,977,-5,218,1,1,-13,7,35,13,31.8,30.45,1018.19,1,0
2022-11-02 15:12:38,1389,320,-23,47,-2,2,7,40,14,31.8,30.45,1018.19,1,0
2022-11-02 15:12:38,815,-13,-66,82,-13,-7,3,39,10,31.8,30.45,1018.19,1,0
2022-11-02 15:12:38,954,70,-56,104,11,-13,4,35,12,31.8,30.45,1018.19,1,0
2022-11-02 15:12:38,1011,19,-21,112,20,-11,1,29,3,31.8,30.45,1018.19,1,0
2022-11-02 15:12:38,1257,154,341,150,32,10,2,22,1,31.8,30.45,1018.19,1,0
2022-11-02 15:12:38,1018,107,121,143,17,3,3,12,0,31.8,30.45,1018.19,1,0
2022-11-02 15:12:38,946,306,72,115,-3,-3,6,-1,6,31.8,30.45,1018.12,1,0
2022-11-02 15:12:38,1024,134,146,121,2,4,7,-10,8,31.8,30.45,1018.12,1,0
2022-11-02 15:12:38,931,294,163,92,2,0,6,-19,11,31.8,30.45,1018.12,1,0
2022-11-02 15:12:38,936,279,247,107,14,3,4,-25,22,31.8,30.45,1018.12,1,0
2022-11-02 15:12:39,1276,93,15,103,19,-14,8,-31,29,31.8,30.45,1018.12,1,0
2022-11-02 15:12:39,1052,111,-218,90,-22,29,9,-33,36,31.8,30.45,1018.12,1,0
2022-11-02 15:12:39,860,-160,-119,92,-14,21,8,-34,50,31.8,30.45,1018.12,1,0
2022-11-02 15:12:39,946,-19,-89,78,-10,12,5,-35,52,31.8,30.45,1018.12,1,0
2022-11-02 15:12:39,972,-31,-64,53,-2,3,6,-36,57,31.8,30.45,1018.12,1,0
2022-11-02 15:12:39,1182,-3,-259,52,-6,-15,5,-34,68,31.8,30.45,1018.12,1,0
2022-11-02 15:12:39,1116,-269,48,28,6,-13,7,-33,69,31.8,30.48,1018.19,1,0
2022-11-02 15:12:39,1034,-242,87,0,25,-2,7,-32,71,31.8,30.48,1018.19,1,0
2022-11-02 15:12:39,788,146,70,-24,15,-25,8,-31,82,31.8,30.48,1018.19,1,0
2022-11-02 15:12:39,995,162,-7,-35,13,4,9,-29,76,31.8,30.48,1018.19,1,0
2022-11-02 15:12:40,1095,142,23,-37,-1,6,8,-34,81,31.8,30.48,1018.19,1,0
2022-11-02 15:12:40,1756,-37,249,10,24,-14,8,-35,75,31.8,30.48,1018.19,1,0
2022-11-02 15:12:40,634,-162,-89,1,-45,3,11,-36,75,31.8,30.48,1018.19,1,0
2022-11-02 15:12:40,856,-80,-27,-10,-19,0,11,-34,77,31.8,30.48,1018.19,1,0
2022-11-02 15:12:40,915,-37,-173,-6,-8,0,13,-38,75,31.8,30.48,1018.19,1,0
2022-11-02 15:12:40,1102,-35,-179,-4,-9,-18,15,-36,72,31.8,30.48,1018.19,1,0
2022-11-02 15:12:40,1331,-495,341,-46,1,12,18,-35,72,31.8,30.49,1018.14,1,0
2022-11-02 15:12:40,1059,-201,25,-81,16,-1,22,-38,68,31.8,30.49,1018.14,1,0
2022-11-02 15:12:40,788,97,136,-121,15,-16,22,-37,66,31.8,30.49,1018.14,1,0
2022-11-02 15:12:40,1026,212,-1,-110,2,6,25,-38,57,31.8,30.49,1018.14,1,0
2022-11-02 15:12:41,991,201,-105,-61,-10,9,25,-38,45,31.8,30.49,1018.14,1,0
2022-11-02 15:12:41,1524,-279,-21,-68,-9,-5,25,-38,40,31.8,30.49,1018.14,1,0
2022-11-02 15:12:41,626,-206,-60,-72,-19,5,29,-39,35,31.8,30.49,1018.14,1,0
2022-11-02 15:12:41,1087,-11,-29,-40,-10,12,30,-35,30,31.8,30.49,1018.14,1,0
2022-11-02 15:12:41,894,-40,-179,-18,-17,8,29,-32,24,31.8,30.49,1018.14,1,0
2022-11-02 15:12:41,944,-7,-177,-9,3,0,26,-32,14,31.8,30.49,1018.14,1,0
2022-11-02 15:12:41,1489,27,-97,-20,-8,-4,25,-33,15,31.8,30.51,1018.16,1,0
2022-11-02 15:12:41,735,39,68,-45,-1,-12,29,-28,18,31.8,30.51,1018.16,1,0
2022-11-02 15:12:41,936,-89,54,-104,11,-20,27,-31,15,31.8,30.51,1018.16,1,0
2022-11-02 15:12:41,952,144,46,-109,13,3,28,-25,10,31.8,30.51,1018.16,1,0
2022-11-02 15:12:41,915,353,-204,-51,-12,0,29,-16,3,31.8,30.51,1018.16,1,0
2022-11-02 15:12:42,1247,54,-109,-27,1,-7,26,-7,3,31.8,30.51,1018.16,1,0
2022-11-02 15:12:42,1087,-126,353,-22,18,-19,29,-6,2,31.8,30.51,1018.16,1,0
2022-11-02 15:12:42,1138,279,-7,-28,-13,17,29,-2,0,31.8,30.51,1018.16,1,0
2022-11-02 15:12:42,747,-54,-115,29,-16,3,28,-1,-1,31.8,30.51,1018.16,1,0
2022-11-02 15:12:42,870,52,-210,11,-4,-3,24,0,-4,31.8,30.51,1018.16,1,0
2022-11-02 15:12:42,1323,-160,-95,-7,9,3,27,-2,0,31.8,30.51,1018.14,1,0
2022-11-02 15:12:42,851,-238,46,-66,-17,10,26,-2,-5,31.8,30.51,1018.14,1,0
2022-11-02 15:12:42,1097,-162,121,-86,-1,11,22,0,-3,31.8,30.51,1018.14,1,0
2022-11-02 15:12:42,952,-31,187,-133,1,4,24,6,-2,31.8,30.51,1018.14,1,0
2022-11-02 15:12:42,1038,-40,117,-158,11,24,21,15,-3,31.8,30.51,1018.14,1,0
2022-11-02 15:12:43,927,48,245,-183,-2,19,25,29,-2,31.8,30.51,1018.14,1,0
2022-11-02 15:12:43,964,-78,0,-161,28,29,26,38,5,31.8,30.51,1018.14,1,0
2022-11-02 15:12:43,1167,-80,25,-139,32,13,28,54,17,31.8,30.51,1018.14,1,0
2022-11-02 15:12:43,923,-144,-74,-150,12,8,30,52,32,31.8,30.51,1018.14,1,0
2022-11-02 15:12:43,966,-52,-56,-145,15,-12,32,59,47,31.8,30.51,1018.14,1,0
2022-11-02 15:12:43,1036,-144,-191,-115,10,-10,34,58,59,31.8,30.52,1018.12,1,0
2022-11-02 15:12:43,903,-162,-222,-84,0,1,32,55,71,31.8,30.52,1018.12,1,0
2022-11-02 15:12:43,1001,-154,-212,-92,-29,0,32,52,78,31.8,30.52,1018.12,1,0
2022-11-02 15:12:43,968,-9,236,-50,33,-10,33,49,87,31.8,30.52,1018.12,1,0
2022-11-02 15:12:43,991,273,74,-41,30,-18,32,44,88,31.8,30.52,1018.12,1,0
2022-11-02 15:12:44,1042,37,-19,-47,15,-9,31,41,94,31.8,30.52,1018.12,1,0
2022-11-02 15:12:44,989,80,-58,-53,-8,0,28,38,98,31.8,30.52,1018.12,1,0
2022-11-02 15:12:44,1298,193,-7,-65,-21,-6,26,34,98,31.8,30.52,1018.12,1,0
2022-11-02 15:12:44,782,-226,74,-1,-8,-14,29,30,96,31.8,30.52,1018.12,1,0
2022-11-02 15:12:44,1120,1,-21,-22,-8,10,26,26,100,31.8,30.52,1018.12,1,0
2022-11-02 15:12:44,851,27,-105,30,-16,0,33,28,100,31.8,30.53,1018.14,1,0
2022-11-02 15:12:44,823,13,-193,42,-5,-13,33,29,92,31.8,30.53,1018.14,1,0
2022-11-02 15:12:44,1305,-162,-81,47,5,-7,35,32,98,31.8,30.53,1018.14,1,0
2022-11-02 15:12:44,1052,-226,-23,33,-10,-1,36,37,91,31.8,30.53,1018.14,1,0
2022-11-02 15:12:44,1005,60,107,39,26,3,37,38,90,31.8,30.53,1018.14,1,0
2022-11-02 15:12:45,931,212,17,-11,8,-26,36,39,87,31.8,30.53,1018.14,1,0
2022-11-02 15:12:45,936,152,-52,5,11,2,35,40,88,31.8,30.53,1018.14,1,0
2022-11-02 15:12:45,1001,58,9,-23,3,8,34,38,91,31.8,30.53,1018.14,1,0
2022-11-02 15:12:45,1446,99,-21,-20,0,-7,35,39,92,31.8,30.53,1018.14,1,0
2022-11-02 15:12:45,663,-158,-42,19,-1,-5,35,37,92,31.8,30.53,1018.14,1,0
2022-11-02 15:12:45,1194,-5,128,29,2,7,34,38,89,31.8,30.54,1018.12,1,0
2022-11-02 15:12:45,841,19,-44,39,-7,10,36,37,92,31.8,30.54,1018.12,1,0
2022-11-02 15:12:45,989,-107,-64,40,2,-4,38,40,87,31.8,30.54,1018.12,1,0
2022-11-02 15:12:45,1292,191,-115,2,-26,7,39,43,87,31.8,30.54,1018.12,1,0
2022-11-02 15:12:45,706,-93,-19,17,-13,-1,39,43,79,31.8,30.54,1018.12,1,0
2022-11-02 15:12:46,1243,-130,80,24,5,9,42,43,77,31.8,30.54,1018.12,1,0
2022-11-02 15:12:46,831,214,-17,8,8,-14,41,42,75,31.8,30.54,1018.12,1,0
2022-11-02 15:12:46,995,103,-21,2,19,0,38,43,79,31.8,30.54,1018.12,1,0
2022-11-02 15:12:46,1020,103,19,-32,0,-11,41,47,77,31.8,30.54,1018.12,1,0
2022-11-02 15:12:46,1479,-165,257,-41,12,-20,40,44,76,31.8,30.54,1018.12,1,0
2022-11-02 15:12:46,1048,80,-70,-94,-10,18,37,43,78,31.8,30.54,1018.19,1,0
2022-11-02 15:12:46,813,11,-142,-38,-9,5,35,39,81,31.8,30.54,1018.19,1,0
2022-11-02 15:12:46,915,-85,-228,-51,-9,7,37,34,82,31.8,30.54,1018.19,1,0
2022-11-02 15:12:46,1114,-138,-206,-37,-3,1,38,30,80,31.8,30.54,1018.19,1,0
2022-11-02 15:12:46,1253,-181,44,-50,-7,6,40,25,83,31.8,30.54,1018.19,1,0
2022-11-02 15:12:47,991,214,60,-47,3,-4,41,23,83,31.8,30.54,1018.19,1,0
2022-11-02 15:12:47,999,-17,122,-101,14,-9,39,19,79,31.8,30.54,1018.19,1,0
2022-11-02 15:12:47,946,271,-105,-79,5,6,37,15,82,31.8,30.54,1018.19,1,0
2022-11-02 15:12:47,954,152,-97,-73,-7,21,40,11,80,31.8,30.54,1018.19,1,0
2022-11-02 15:12:47,1110,-113,-76,-46,-6,0,37,5,79,31.8,30.54,1018.19,1,0
2022-11-02 15:12:47,888,-181,-37,-76,-1,-9,35,5,76,31.8,30.57,1018.12,1,0
2022-11-02 15:12:47,1190,85,-35,-35,-5,17,36,0,77,31.8,30.57,1018.12,1,0
2022-11-02 15:12:47,794,-93,-122,-31,-13,6,35,-2,75,31.8,30.57,1018.12,1,0
2022-11-02 15:12:47,966,54,-121,-17,2,-10,35,-5,71,31.8,30.57,1018.12,1,0
2022-11-02 15:12:47,1362,-101,46,-25,-8,5,34,-5,75,31.8,30.57,1018.12,1,0
2022-11-02 15:12:48,878,-93,171,-47,4,-1,34,-4,66,31.8,30.57,1018.12,1,0
2022-11-02 15:12:48,942,-74,138,-109,10,-6,33,-4,66,31.8,30.57,1018.12,1,0
2022-11-02 15:12:48,1075,40,132,-135,6,21,33,-8,61,31.8,30.57,1018.12,1,0
2022-11-02 15:12:48,970,23,154,-137,0,27,31,-10,61,31.8,30.57,1018.12,1,0
2022-11-02 15:12:48,915,-93,-9,-138,14,25,30,-14,54,31.8,30.57,1018.12,1,0
2022-11-02 15:12:48,1089,-162,35,-104,27,9,28,-15,48,31.8,30.57,1018.16,1,0
2022-11-02 15:12:48,983,-122,-103,-111,6,1,29,-17,42,31.8,30.57,1018.16,1,0
2022-11-02 15:12:48,979,-113,-99,-105,10,-12,30,-15,40,31.8,30.57,1018.16,1,0
2022-11-02 15:12:48,999,-85,-150,-89,7,-19,31,-12,32,31.8,30.57,1018.16,1,0
2022-11-02 15:12:48,1022,-117,-167,-61,-6,-13,30,-9,32,31.8,30.57,1018.16,1,0
2022-11-02 15:12:49,962,13,-208,-71,-31,-7,29,-3,30,31.8,30.57,1018.16,1,0
2022-11-02 15:12:49,886,-91,269,-57,17,-17,32,-4,26,31.8,30.57,1018.16,1,0
2022-11-02 15:12:49,1056,87,130,-92,15,-14,34,0,22,31.8,30.57,1018.16,1,0
2022-11-02 15:12:49,962,85,9,-94,9,-6,34,3,25,31.8,30.57,1018.16,1,0
2022-11-02 15:12:49,979,199,-85,-71,0,1,36,8,25,31.8,30.57,1018.16,1,0
2022-11-02 15:12:49,1069,74,-25,-34,6,-7,37,12,20,31.8,30.58,1018.14,1,0
2022-11-02 15:12:49,1444,74,83,-57,6,-4,38,12,25,31.8,30.58,1018.14,1,0
2022-11-02 15:12:49,667,-148,-91,-73,-10,1,38,14,23,31.8,30.58,1018.14,1,0
2022-11-02 15:12:49,1042,37,-35,-50,-1,5,38,21,24,31.8,30.58,1018.14,1,0
2022-11-02 15:12:49,882,-60,-134,-35,-10,8,39,24,24,31.8,30.58,1018.14,1,0
2022-11-02 15:12:50,1009,9,-175,-10,0,-3,39,25,24,31.8,30.58,1018.14,1,0
2022-11-02 15:12:50,1436,-107,17,-7,-9,20,39,27,21,31.8,30.58,1018.14,1,0
2022-11-02 15:12:50,640,122,99,-15,-3,-14,41,26,22,31.8,30.58,1018.14,1,0
2022-11-02 15:12:50,1011,-160,58,-37,19,-3,37,31,14,31.8,30.58,1018.14,1,0
2022-11-02 15:12:50,890,279,-21,-34,5,-11,40,32,18,31.8,30.58,1018.14,1,0
2022-11-02 15:12:50,970,68,9,-16,8,4,39,36,15,31.8,30.58,1018.14,1,0
2022-11-02 15:12:50,1091,121,-19,-15,3,-5,36,39,18,31.8,30.59,1018.14,1,0
2022-11-02 15:12:50,1225,-87,271,-35,0,-8,36,37,19,31.8,30.59,1018.14,1,0
2022-11-02 15:12:50,1065,29,13,-27,-6,20,35,44,23,31.8,30.59,1018.14,1,0
2022-11-02 15:12:50,815,-46,-101,0,-13,-1,31,45,15,31.8,30.59,1018.14,1,0
2022-11-02 15:12:51,948,9,-142,4,-2,1,29,42,17,31.8,30.59,1018.14,1,0
2022-11-02 15:12:51,1161,-236,-122,15,-8,8,31,47,16,31.8,30.59,1018.14,1,0
2022-11-02 15:12:51,1124,-169,150,14,-6,4,23,47,20,31.8,30.59,1018.14,1,0
2022-11-02 15:12:51,1013,91,85,15,11,-5,24,46,14,31.8,30.59,1018.14,1,0
2022-11-02 15:12:51,884,222,54,-3,12,-9,19,47,16,31.8,30.59,1018.14,1,0
2022-11-02 15:12:51,979,124,-27,6,14,3,19,44,14,31.8,30.59,1018.14,1,0
2022-11-02 15:12:51,1159,162,-19,3,-8,0,19,46,17,31.8,30.31,1018.19,1,0
2022-11-02 15:12:51,1046,23,187,17,-5,-10,18,45,16,31.8,30.31,1018.19,1,0
2022-11-02 15:12:51,1243,-9,11,29,-2,14,16,47,17,31.8,30.31,1018.19,1,0
2022-11-02 15:12:51,767,40,-56,61,-11,-1,14,44,15,31.8,30.31,1018.19,1,0
2022-11-02 15:12:52,946,-68,-134,47,-1,-5,15,43,14,31.8,30.31,1018.19,1,0
2022-11-02 15:12:52,1190,-162,-107,4,-7,5,14,37,8,31.8,30.31,1018.19,1,0
2022-11-02 15:12:52,1153,-269,222,52,1,14,12,35,6,31.8,30.31,1018.19,1,0
2022-11-02 15:12:52,1015,56,64,35,24,-7,12,34,12,31.8,30.31,1018.19,1,0
2022-11-02 15:12:52,892,146,54,0,11,-6,11,31,3,31.8,30.31,1018.19,1,0
2022-11-02 15:12:52,970,101,-3,6,7,5,14,30,5,31.8,30.31,1018.19,1,0
2022-11-02 15:12:52,1032,-40,-58,20,-20,4,14,31,11,31.8,30.07,1018.14,1,0
2022-11-02 15:12:52,999,60,111,1,0,-17,13,31,9,31.8,30.07,1018.14,1,0
2022-11-02 15:12:52,1397,189,103,67,4,5,11,29,9,31.8,30.07,1018.14,1,0
2022-11-02 15:12:52,782,15,33,121,-7,0,7,26,9,31.8,30.07,1018.14,1,0
2022-11-02 15:12:53,964,-29,93,137,4,-13,8,18,3,31.8,30.07,1018.14,1,0
2022-11-02 15:12:53,923,-83,283,128,29,-12,6,8,2,31.8,30.07,1018.14,1,0
2022-11-02 15:12:53,1108,42,121,111,-2,20,7,-2,6,31.8,30.07,1018.14,1,0
2022-11-02 15:12:53,1044,232,240,115,9,-5,7,-7,7,31.8,30.07,1018.14,1,0
2022-11-02 15:12:53,1018,146,126,94,-1,-5,10,-20,12,31.8,30.07,1018.14,1,0
2022-11-02 15:12:53,970,255,163,71,-4,5,9,-25,22,31.8,30.07,1018.14,1,0
2022-11-02 15:12:53,925,318,226,84,0,5,10,-27,24,31.8,30.65,1018.19,1,0
2022-11-02 15:12:53,1196,-93,259,67,3,5,9,-31,31,31.8,30.65,1018.19,1,0
2022-11-02 15:12:53,1241,-195,-37,69,-2,11,9,-32,35,31.8,30.65,1018.19,1,0
2022-11-02 15:12:53,1013,-68,-35,101,-15,11,10,-33,49,31.8,30.65,1018.19,1,0
2022-11-02 15:12:54,909,19,-17,66,-10,18,10,-36,51,31.8,30.65,1018.19,1,0
2022-11-02 15:12:54,913,-9,-83,55,-15,4,9,-34,57,31.8,30.65,1018.19,1,0
2022-11-02 15:12:54,1073,60,-130,45,-8,-8,6,-40,59,31.8,30.65,1018.19,1,0
2022-11-02 15:12:54,1333,-162,21,45,0,6,7,-35,66,31.8,30.65,1018.19,1,0
2022-11-02 15:12:54,960,76,42,58,4,-12,7,-35,74,31.8,30.65,1018.19,1,0
2022-11-02 15:12:54,825,128,-35,32,4,-33,11,-30,75,31.8,30.65,1018.19,1,0
2022-11-02 15:12:54,915,181,31,33,18,0,11,-30,74,31.8,30.66,1018.19,1,0
2022-11-02 15:12:54,948,158,-7,22,-2,1,13,-25,82,31.8,30.66,1018.19,1,0
2022-11-02 15:12:54,1520,60,54,-7,0,-4,13,-25,85,31.8,30.66,1018.19,1,0
2022-11-02 15:12:54,724,-165,-62,8,-10,-9,12,-26,84,31.8,30.66,1018.19,1,0
2022-11-02 15:12:55,1141,46,25,16,-10,9,19,-24,81,31.8,30.66,1018.19,1,0
2022-11-02 15:12:55,794,-23,-87,7,-8,3,18,-25,86,31.8,30.66,1018.19,1,0
2022-11-02 15:12:55,888,-17,-179,20,3,-12,21,-25,90,31.8,30.66,1018.19,1,0
2022-11-02 15:12:55,1286,-80,-160,0,0,-10,20,-22,88,31.8,30.66,1018.19,1,0
2022-11-02 15:12:55,769,-160,97,-34,-12,-1,24,-18,91,31.8,30.66,1018.19,1,0
2022-11-02 15:12:55,1206,-165,74,-42,3,-4,25,-23,91,31.8,30.66,1018.19,1,0
2022-11-02 15:12:55,819,91,78,-93,-1,-9,27,-23,85,31.8,30.66,1018.17,1,0
2022-11-02 15:12:55,936,115,-9,-94,5,3,31,-23,80,31.8,30.66,1018.17,1,0
2022-11-02 15:12:55,1009,175,-48,-62,-2,7,30,-28,76,31.8,30.66,1018.17,1,0
2022-11-02 15:12:55,1132,-144,-80,-103,-6,-1,32,-35,68,31.8,30.66,1018.17,1,0
2022-11-02 15:12:56,743,-70,-11,-119,0,0,33,-36,63,31.8,30.66,1018.17,1,0
2022-11-02 15:12:56,1229,54,23,-66,-6,14,35,-35,54,31.8,30.66,1018.17,1,0
2022-11-02 15:12:56,810,-21,-167,-46,-11,13,34,-39,45,31.8,30.66,1018.17,1,0
2022-11-02 15:12:56,907,70,-201,-31,-2,0,35,-36,39,31.8,30.66,1018.17,1,0
2022-11-02 15:12:56,1565,-128,-54,-11,-3,10,32,-36,35,31.8,30.66,1018.17,1,0
2022-11-02 15:12:56,575,144,68,-29,-4,-18,33,-39,34,31.8,30.66,1018.17,1,0
2022-11-02 15:12:56,1169,-195,62,-45,11,-3,32,-35,37,31.8,30.67,1018.14,1,0
2022-11-02 15:12:56,798,312,-44,-46,-4,-8,35,-33,30,31.8,30.67,1018.14,1,0
2022-11-02 15:12:56,964,130,-19,-36,11,10,32,-31,28,31.8,30.67,1018.14,1,0
2022-11-02 15:12:56,1036,146,-35,-34,-3,3,36,-33,21,31.8,30.67,1018.14,1,0
2022-11-02 15:12:57,1483,15,68,-38,-1,-14,34,-32,18,31.8,30.67,1018.14,1,0
2022-11-02 15:12:57,732,-138,-144,-34,-19,4,35,-27,22,31.8,30.67,1018.14,1,0
2022-11-02 15:12:57,1030,-48,-91,7,-5,11,37,-27,21,31.8,30.67,1018.14,1,0
2022-11-02 15:12:57,876,-27,-130,-3,-5,11,34,-25,13,31.8,30.67,1018.14,1,0
2022-11-02 15:12:57,983,3,-128,0,3,-3,35,-25,14,31.8,30.67,1018.14,1,0
2022-11-02 15:12:57,1413,-21,-117,-16,-27,4,32,-26,17,31.8,30.67,1018.14,1,0
2022-11-02 15:12:57,648,-162,91,-40,1,-1,34,-27,20,31.8,30.68,1018.19,1,0
2022-11-02 15:12:57,1179,-148,-17,-58,4,6,33,-27,12,31.8,30.68,1018.19,1,0
2022-11-02 15:12:57,921,222,40,-72,12,-10,31,-23,8,31.8,30.68,1018.19,1,0
2022-11-02 15:12:57,929,165,-62,-40,8,10,30,-15,5,31.8,30.68,1018.19,1,0
2022-11-02 15:12:58,1016,126,-27,-25,3,-4,31,-15,7,31.8,30.68,1018.19,1,0
2022-11-02 15:12:58,1485,-162,214,-32,13,-14,34,-10,0,31.8,30.68,1018.19,1,0
2022-11-02 15:12:58,786,-60,-136,-78,-16,14,33,-6,5,31.8,30.68,1018.19,1,0
2022-11-02 15:12:58,952,0,-148,-27,-8,3,34,-2,0,31.8,30.68,1018.19,1,0
2022-11-02 15:12:58,913,-158,-122,-42,-1,6,33,4,0,31.8,30.68,1018.19,1,0
2022-11-02 15:12:58,1005,-46,-87,-59,10,-7,32,6,0,31.8,30.68,1018.19,1,0
2022-11-02 15:12:58,1389,-300,70,-53,-5,6,31,6,1,31.8,30.7,1018.12,1,0
2022-11-02 15:12:58,829,107,265,-73,8,-9,32,14,-1,31.8,30.7,1018.12,1,0
2022-11-02 15:12:58,948,-37,66,-111,-4,-21,30,21,3,31.8,30.7,1018.12,1,0
2022-11-02 15:12:58,997,134,13,-123,0,5,29,27,2,31.8,30.7,1018.12,1,0
2022-11-02 15:12:59,977,144,-31,-95,-8,6,29,39,6,31.8,30.7,1018.12,1,0
2022-11-02 15:12:59,976,-23,-46,-62,-1,0,29,47,12,31.8,30.7,1018.12,1,0
2022-11-02 15:12:59,1290,-208,-13,-104,-1,1,28,48,11,31.8,30.7,1018.12,1,0
2022-11-02 15:12:59,876,-35,-19,-121,8,13,28,56,22,31.8,30.7,1018.12,1,0
2022-11-02 15:12:59,1038,-119,-37,-97,0,10,29,62,30,31.8,30.7,1018.12,1,0
2022-11-02 15:12:59,854,-111,-134,-95,-4,8,31,62,40,31.8,30.7,1018.12,1,0
2022-11-02 15:12:59,997,-111,-185,-73,6,0,30,63,51,31.8,30.7,1018.1,1,0
2022-11-02 15:12:59,1280,-212,-21,-61,13,11,32,62,60,31.8,30.7,1018.1,1,0
2022-11-02 15:12:59,870,121,107,-40,-2,-18,32,64,62,31.8,30.7,1018.1,1,0
2022-11-02 15:12:59,1065,-234,306,-64,9,-8,29,59,71,31.8,30.7,1018.1,1,0
2022-11-02 15:13:00,1007,199,261,-92,14,0,27,60,72,31.8,30.7,1018.1,1,0
